16,-12
16.153,-11.864
16.307,-11.73
16.462,-11.596
16.619,-11.464
16.777,-11.332
16.936,-11.201
17.097,-11.071
17.259,-10.942
17.423,-10.814
17.588,-10.687
17.755,-10.56
17.923,-10.434
18.093,-10.31
18.264,-10.186
18.436,-10.062
18.61,-9.9399
18.786,-9.8183
18.963,-9.6973
19.141,-9.5772
19.321,-9.4577
19.503,-9.3389
19.686,-9.2209
19.871,-9.1036
20.058,-8.9869
20.246,-8.8709
20.436,-8.7555
20.627,-8.6408
20.82,-8.5267
21.015,-8.4132
21.212,-8.3003
21.41,-8.188
21.61,-8.0763
21.811,-7.9652
22.015,-7.8547
22.22,-7.7447
22.426,-7.6353
22.635,-7.5264
22.845,-7.418
23.057,-7.3102
23.271,-7.2028
23.486,-7.0958
23.704,-6.9894
23.923,-6.8833
24.144,-6.7777
24.368,-6.6724
24.593,-6.5676
24.819,-6.4631
25.048,-6.3589
25.279,-6.2551
25.512,-6.1516
25.747,-6.0484
25.983,-5.9454
26.222,-5.8428
26.463,-5.7404
26.706,-5.6382
26.951,-5.5362
27.198,-5.4345
27.447,-5.3329
27.698,-5.2315
27.951,-5.1303
28.206,-5.0292
28.464,-4.9282
28.724,-4.8273
28.986,-4.7266
29.25,-4.6259
29.516,-4.5252
29.785,-4.4246
30.056,-4.324
30.329,-4.2234
30.604,-4.1228
30.882,-4.0222
31.161,-3.9216
31.444,-3.8208
31.728,-3.72
32.015,-3.6191
32.304,-3.5181
32.596,-3.4169
32.89,-3.3156
33.186,-3.2141
33.485,-3.1124
33.786,-3.0105
34.09,-2.9084
34.396,-2.806
34.704,-2.7033
35.015,-2.6003
35.329,-2.497
35.644,-2.3934
35.963,-2.2894
36.284,-2.185
36.607,-2.0803
36.933,-1.975
37.261,-1.8694
37.592,-1.7632
37.925,-1.6565
38.261,-1.5493
38.6,-1.4415
38.941,-1.3332
39.285,-1.2242
39.631,-1.1146
39.98,-1.0043
40.331,-0.89326
40.685,-0.78151
41.042,-0.669
41.401,-0.55568
41.762,-0.44153
42.127,-0.32651
42.494,-0.21059
42.863,-0.093728
43.235,0.02411
43.61,0.14296
43.987,0.26287
44.367,0.38386
44.75,0.50599
45.135,0.6293
45.523,0.75382
45.913,0.8796
46.306,1.0067
46.701,1.1351
47.099,1.265
47.5,1.3963
47.903,1.5291
48.309,1.6634
48.717,1.7994
49.128,1.937
49.541,2.0763
49.957,2.2174
50.376,2.3603
50.797,2.5051
51.22,2.6519
51.646,2.8007
52.074,2.9515
52.505,3.1045
52.938,3.2597
53.374,3.4172
53.812,3.5771
54.252,3.7394
54.694,3.9041
55.139,4.0715
55.587,4.2415
56.036,4.4143
56.488,4.5899
56.942,4.7684
57.398,4.9499
57.857,5.1345
58.317,5.3223
58.78,5.5134
59.245,5.7078
59.711,5.9057
60.18,6.1073
60.649,6.3127
61.119,6.522
61.591,6.7354
62.063,6.9529
62.537,7.1747
63.013,7.4009
63.489,7.6317
63.966,7.8671
64.445,8.1074
64.925,8.3525
65.406,8.6028
65.888,8.8582
66.371,9.119
66.855,9.3853
67.34,9.6573
67.826,9.9351
68.312,10.219
68.8,10.509
69.287,10.805
69.776,11.108
70.264,11.417
70.753,11.734
71.242,12.057
71.731,12.388
72.219,12.726
72.708,13.073
73.196,13.427
73.683,13.789
74.169,14.16
74.654,14.539
75.138,14.928
75.62,15.326
76.101,15.734
76.579,16.151
77.055,16.579
77.529,17.017
78,17.466
78.468,17.927
78.932,18.399
79.393,18.883
79.849,19.379
80.301,19.888
80.749,20.411
81.191,20.947
81.628,21.497
82.059,22.062
82.484,22.642
82.902,23.237
83.313,23.849
83.716,24.477
84.111,25.122
84.498,25.785
84.875,26.467
85.243,27.167
85.601,27.887
85.949,28.627
86.285,29.388
86.61,30.171
86.922,30.975
87.222,31.803
87.508,32.654
87.779,33.53
88.037,34.431
88.278,35.358
88.504,36.312
88.713,37.294
88.904,38.304
89.077,39.344
89.231,40.414
89.365,41.515
89.479,42.649
89.572,43.815
89.642,45.016
89.69,46.252
89.714,47.525
89.713,48.834
89.687,50.182
89.634,51.57
89.555,52.997
89.454,54.461
89.336,55.959
89.197,57.492
89.037,59.062
88.851,60.674
88.637,62.328
88.393,64.027
88.115,65.774
87.802,67.571
87.45,69.421
87.057,71.326
86.62,73.289
86.138,75.312
85.606,77.397
85.023,79.547
84.386,81.765
83.693,84.052
82.942,86.412
82.129,88.846
81.252,91.356
80.31,93.945
79.3,96.614
78.22,99.367
77.067,102.2
75.84,105.13
74.536,108.14
73.154,111.24
71.692,114.43
70.148,117.71
68.52,121.09
66.807,124.56
65.008,128.13
63.12,131.79
61.143,135.54
59.076,139.4
56.917,143.35
54.665,147.39
52.321,151.54
49.882,155.77
47.349,160.1
44.722,164.53
41.999,169.04
39.181,173.64
36.269,178.34
33.261,183.11
30.159,187.97
26.964,192.91
23.675,197.93
20.294,203.02
16.822,208.18
13.261,213.4
9.6112,218.68
5.8751,224.02
2.0544,229.41
-1.8488,234.84
-5.8322,240.31
-9.8932,245.81
-14.029,251.34
-18.237,256.88
-22.514,262.43
-26.856,267.99
-31.259,273.53
-35.721,279.06
-40.236,284.56
-44.801,290.03
-49.41,295.45
-54.06,300.81
-58.745,306.1
-63.459,311.31
-68.197,316.43
-72.953,321.45
-77.722,326.34
-82.496,331.1
-87.27,335.72
-92.036,340.17
-96.788,344.45
-101.52,348.53
-106.22,352.41
-110.88,356.06
-115.5,359.47
-120.06,362.62
-124.55,365.5
-128.95,368.09
-133.27,370.37
-137.47,372.33
-141.56,373.96
-145.52,375.25
-149.35,376.17
-153.03,376.74
-156.57,376.92
-159.94,376.73
-163.14,376.14
-166.18,375.16
-169.03,373.78
-171.7,372
-174.18,369.82
-176.47,367.23
-178.56,364.23
-180.46,360.83
-182.15,357.04
-183.64,352.85
-184.93,348.26
-186.02,343.3
-186.91,337.96
-187.59,332.26
-188.08,326.2
-188.37,319.8
-188.46,313.07
-188.36,306.02
-188.08,298.67
-187.61,291.03
-186.97,283.13
-186.16,274.97
-185.18,266.58
-184.04,257.97
-182.75,249.18
-181.31,240.21
-179.74,231.09
-178.03,221.85
-176.2,212.48
-174.26,203.03
-172.21,193.49
-170.06,183.9
-167.82,174.26
-165.5,164.59
-163.09,154.92
-160.62,145.25
-158.09,135.6
-155.51,125.99
-152.88,116.43
-150.2,106.94
-147.5,97.521
-144.76,88.195
-142.01,78.971
-139.23,69.861
-136.45,60.874
-133.66,52.021
-130.88,43.311
-128.09,34.752
-125.32,26.352
-122.56,18.117
-119.81,10.054
-117.09,2.1678
-114.39,-5.5364
-111.72,-13.055
-109.07,-20.385
-106.46,-27.523
-103.88,-34.468
-101.34,-41.22
-98.839,-47.776
-96.376,-54.139
-93.952,-60.309
-91.571,-66.287
-89.231,-72.076
-86.933,-77.68
-84.679,-83.1
-82.47,-88.329
-80.308,-93.368
-78.193,-98.22
-76.124,-102.89
-74.101,-107.38
-72.124,-111.69
-70.192,-115.83
-68.306,-119.81
-66.464,-123.61
-64.666,-127.26
-62.912,-130.75
-61.201,-134.09
-59.532,-137.27
-57.905,-140.31
-56.319,-143.21
-54.773,-145.97
-53.267,-148.6
-51.8,-151.09
-50.371,-153.46
-48.98,-155.7
-47.625,-157.82
-46.307,-159.82
-45.024,-161.71
-43.775,-163.49
-42.561,-165.16
-41.38,-166.72
-40.232,-168.18
-39.115,-169.54
-38.03,-170.81
-36.975,-171.98
-35.951,-173.06
-34.955,-174.05
-33.989,-174.95
-33.051,-175.76
-32.14,-176.49
-31.256,-177.15
-30.399,-177.72
-29.568,-178.21
-28.763,-178.63
-27.982,-178.97
-27.225,-179.25
-26.489,-179.46
-25.776,-179.62
-25.082,-179.71
-24.409,-179.76
-23.755,-179.75
-23.12,-179.69
-22.504,-179.58
-21.904,-179.43
-21.322,-179.23
-20.757,-178.99
-20.207,-178.71
-19.673,-178.39
-19.154,-178.03
-18.65,-177.64
-18.16,-177.22
-17.683,-176.76
-17.219,-176.27
-16.769,-175.75
-16.33,-175.2
-15.904,-174.63
-15.489,-174.03
-15.086,-173.4
-14.693,-172.76
-14.311,-172.09
-13.939,-171.4
-13.577,-170.69
-13.225,-169.97
-12.881,-169.22
-12.547,-168.46
-12.222,-167.68
-11.905,-166.89
-11.597,-166.09
-11.296,-165.27
-11.004,-164.43
-10.719,-163.59
-10.441,-162.73
-10.17,-161.86
-9.9065,-160.99
-9.6496,-160.1
-9.3993,-159.2
-9.1554,-158.29
-8.9178,-157.38
-8.6862,-156.46
-8.4606,-155.53
-8.2408,-154.59
-8.0266,-153.64
-7.8178,-152.69
-7.6145,-151.73
-7.4162,-150.76
-7.2226,-149.79
-7.0335,-148.82
-6.849,-147.85
-6.6687,-146.87
-6.4926,-145.89
-6.3206,-144.91
-6.1525,-143.92
-5.9883,-142.94
-5.8277,-141.96
-5.6707,-140.97
-5.5172,-139.98
-5.3671,-139
-5.2203,-138.01
-5.0766,-137.03
-4.9361,-136.04
-4.7985,-135.06
-4.6638,-134.08
-4.532,-133.1
-4.4028,-132.12
-4.2763,-131.14
-4.1524,-130.17
-4.031,-129.2
-3.912,-128.23
-3.7953,-127.26
-3.6809,-126.29
-3.5687,-125.33
-3.4587,-124.37
-3.3507,-123.42
-3.2448,-122.47
-3.1408,-121.52
-3.0387,-120.57
-2.9384,-119.63
-2.8399,-118.7
-2.7432,-117.76
-2.6481,-116.83
-2.5547,-115.91
-2.4629,-114.99
-2.3726,-114.07
-2.2838,-113.16
-2.1964,-112.25
-2.1105,-111.35
-2.0259,-110.45
-1.9426,-109.56
-1.8606,-108.67
-1.7799,-107.78
-1.7003,-106.9
-1.622,-106.03
-1.5448,-105.16
-1.4686,-104.3
-1.3936,-103.44
-1.3195,-102.58
-1.2465,-101.73
-1.1745,-100.89
-1.1033,-100.05
-1.0331,-99.213
-0.96379,-98.384
-0.89532,-97.56
-0.82767,-96.741
-0.76082,-95.927
-0.69475,-95.119
-0.62943,-94.316
-0.56484,-93.518
-0.50094,-92.725
-0.43773,-91.937
-0.37517,-91.155
-0.31325,-90.378
-0.25193,-89.607
-0.19121,-88.84
-0.13106,-88.079
-0.071457,-87.323
-0.012386,-86.573
0.046175,-85.827
0.10424,-85.087
0.16184,-84.352
0.21898,-83.623
0.27568,-82.898
0.33196,-82.179
0.38784,-81.465
0.44333,-80.757
0.49844,-80.053
0.5532,-79.355
0.60762,-78.662
0.66171,-77.974
0.7155,-77.291
0.76898,-76.613
0.82218,-75.94
0.87511,-75.273
0.92779,-74.611
0.98022,-73.953
1.0324,-73.301
1.0844,-72.654
1.1362,-72.011
1.1878,-71.374
1.2392,-70.742
1.2904,-70.114
1.3415,-69.492
1.3924,-68.874
1.4432,-68.262
1.4939,-67.654
1.5445,-67.051
1.5949,-66.453
1.6453,-65.859
1.6955,-65.271
1.7457,-64.687
1.7959,-64.108
1.846,-63.533
1.896,-62.963
1.946,-62.398
1.996,-61.837
2.046,-61.281
2.0959,-60.73
2.1459,-60.183
2.1958,-59.64
2.2458,-59.102
2.2958,-58.568
2.3459,-58.039
2.3959,-57.514
2.446,-56.993
2.4962,-56.477
2.5465,-55.965
2.5968,-55.457
2.6471,-54.954
2.6976,-54.455
2.7482,-53.959
2.7989,-53.468
2.8497,-52.981
2.9006,-52.499
2.9516,-52.02
3.0028,-51.545
3.0541,-51.074
3.1056,-50.608
3.1572,-50.145
3.209,-49.686
3.2609,-49.231
3.3131,-48.779
3.3654,-48.332
3.418,-47.888
3.4707,-47.448
3.5237,-47.012
3.5769,-46.58
3.6303,-46.151
3.6839,-45.726
3.7378,-45.304
3.7919,-44.886
3.8463,-44.472
3.901,-44.061
3.9559,-43.653
4.0111,-43.25
4.0666,-42.849
4.1223,-42.452
4.1784,-42.058
4.2348,-41.668
4.2915,-41.281
4.3485,-40.898
4.4059,-40.517
4.4636,-40.14
4.5216,-39.767
4.5799,-39.396
4.6387,-39.029
4.6977,-38.664
4.7572,-38.303
4.817,-37.945
4.8772,-37.59
4.9378,-37.238
4.9988,-36.89
5.0602,-36.544
5.122,-36.201
5.1842,-35.861
5.2469,-35.524
5.3099,-35.19
5.3734,-34.859
5.4374,-34.531
5.5018,-34.205
5.5666,-33.883
5.6319,-33.563
5.6977,-33.246
5.7639,-32.932
5.8307,-32.62
5.8979,-32.311
5.9656,-32.005
6.0338,-31.702
6.1025,-31.401
6.1717,-31.102
6.2414,-30.807
6.3117,-30.514
6.3824,-30.223
6.4538,-29.935
6.5256,-29.65
6.598,-29.367
6.671,-29.086
6.7445,-28.808
6.8186,-28.532
6.8933,-28.259
6.9685,-27.988
7.0443,-27.72
7.1207,-27.453
7.1977,-27.19
7.2754,-26.928
7.3536,-26.669
7.4324,-26.412
7.5119,-26.157
7.5919,-25.904
7.6727,-25.654
7.754,-25.406
7.836,-25.16
7.9187,-24.916
8.0019,-24.675
8.0859,-24.435
8.1705,-24.198
8.2558,-23.962
8.3418,-23.729
8.4285,-23.498
8.5158,-23.268
8.6039,-23.041
8.6926,-22.816
8.7821,-22.593
8.8723,-22.372
8.9631,-22.152
9.0548,-21.935
9.1471,-21.719
9.2403,-21.506
9.3343,-21.294
9.429,-21.084
9.5246,-20.875
9.621,-20.669
9.7182,-20.464
9.8162,-20.261
9.915,-20.06
10.015,-19.86
10.115,-19.662
10.217,-19.466
10.319,-19.272
10.422,-19.079
10.526,-18.887
10.631,-18.698
10.737,-18.509
10.844,-18.323
10.951,-18.138
11.06,-17.954
11.169,-17.772
11.28,-17.592
11.391,-17.413
11.504,-17.236
11.617,-17.06
11.731,-16.885
11.847,-16.712
11.963,-16.54
12.08,-16.37
12.199,-16.201
12.318,-16.033
12.438,-15.867
12.56,-15.702
12.682,-15.539
12.806,-15.377
12.931,-15.216
13.056,-15.056
13.183,-14.898
13.311,-14.741
13.44,-14.585
13.57,-14.43
13.702,-14.277
13.834,-14.124
13.968,-13.973
14.103,-13.823
14.238,-13.674
14.376,-13.527
14.514,-13.38
14.654,-13.235
14.794,-13.091
14.936,-12.947
15.08,-12.805
15.224,-12.664
15.37,-12.524
15.517,-12.385
15.666,-12.247
15.815,-12.11
15.966,-11.974
16.119,-11.839
16.272,-11.705
16.427,-11.572
16.584,-11.44
16.742,-11.308
16.901,-11.178
17.061,-11.049
17.223,-10.92
17.387,-10.792
17.551,-10.665
17.718,-10.539
17.885,-10.414
18.055,-10.29
18.225,-10.166
18.397,-10.043
18.571,-9.9213
18.746,-9.8
18.923,-9.6795
19.101,-9.5598
19.281,-9.4407
19.463,-9.3224
19.646,-9.2048
19.83,-9.0879
20.017,-8.9716
20.204,-8.856
20.394,-8.7411
20.585,-8.6268
20.778,-8.5131
20.972,-8.4
21.169,-8.2875
21.366,-8.1756
21.566,-8.0643
21.767,-7.9536
21.97,-7.8434
22.175,-7.7337
22.382,-7.6245
22.59,-7.5159
22.8,-7.4077
23.012,-7.3001
23.226,-7.1929
23.442,-7.0862
23.659,-6.9801
23.878,-6.8744
24.099,-6.7692
24.322,-6.6645
24.546,-6.5602
24.773,-6.4563
25.001,-6.3528
25.231,-6.2496
25.463,-6.1468
25.697,-6.0444
25.933,-5.9422
26.171,-5.8403
26.411,-5.7387
26.653,-5.6374
26.897,-5.5363
27.144,-5.4353
27.392,-5.3346
27.642,-5.2341
27.894,-5.1337
28.149,-5.0334
28.406,-4.9333
28.664,-4.8333
28.925,-4.7333
29.189,-4.6335
29.454,-4.5336
29.722,-4.4338
29.992,-4.3341
30.264,-4.2343
30.538,-4.1345
30.815,-4.0346
31.094,-3.9347
31.375,-3.8347
31.659,-3.7346
31.945,-3.6344
32.234,-3.534
32.525,-3.4335
32.818,-3.3329
33.114,-3.232
33.412,-3.1309
33.712,-3.0296
34.015,-2.9281
34.321,-2.8263
34.629,-2.7241
34.939,-2.6217
35.252,-2.519
35.568,-2.4159
35.886,-2.3124
36.207,-2.2085
36.53,-2.1042
36.855,-1.9995
37.184,-1.8943
37.515,-1.7886
37.848,-1.6824
38.184,-1.5757
38.523,-1.4684
38.864,-1.3605
39.208,-1.252
39.554,-1.1429
39.904,-1.0331
40.255,-0.92257
40.61,-0.81134
40.967,-0.69935
41.326,-0.58657
41.689,-0.47297
42.054,-0.35852
42.421,-0.24318
42.792,-0.12692
43.164,-0.0097132
43.54,0.10849
43.918,0.22771
44.299,0.34801
44.683,0.46941
45.069,0.59195
45.458,0.71568
45.849,0.84063
46.243,0.96686
46.64,1.0944
47.039,1.2233
47.441,1.3536
47.845,1.4854
48.252,1.6187
48.662,1.7536
49.074,1.89
49.488,2.0282
49.906,2.168
50.325,2.3097
50.748,2.4532
51.172,2.5986
51.599,2.746
52.029,2.8954
52.461,3.0469
52.895,3.2005
53.332,3.3565
53.771,3.5147
54.213,3.6753
54.656,3.8384
55.102,4.004
55.55,4.1723
56.001,4.3432
56.453,4.517
56.908,4.6936
57.365,4.8732
57.824,5.0559
58.285,5.2417
58.748,5.4308
59.213,5.6232
59.68,5.8192
60.148,6.0186
60.619,6.2218
61.091,6.4287
61.565,6.6396
62.041,6.8545
62.518,7.0735
62.997,7.2968
63.477,7.5245
63.959,7.7567
64.442,7.9936
64.927,8.2353
65.412,8.4819
65.899,8.7336
66.387,8.9905
66.877,9.2528
67.367,9.5207
67.858,9.7943
68.348,10.074
68.837,10.361
69.326,10.653
69.813,10.953
70.301,11.26
70.787,11.574
71.273,11.895
71.758,12.224
72.242,12.561
72.725,12.905
73.208,13.258
73.689,13.619
74.169,13.989
74.648,14.368
75.126,14.755
75.603,15.153
76.077,15.559
76.55,15.976
77.021,16.403
77.49,16.84
77.957,17.289
78.421,17.748
78.882,18.219
79.341,18.701
79.795,19.196
80.247,19.703
80.694,20.224
81.137,20.757
81.575,21.304
82.009,21.866
82.437,22.442
82.859,23.033
83.275,23.64
83.685,24.263
84.087,24.902
84.482,25.559
84.869,26.234
85.247,26.927
85.616,27.638
85.976,28.37
86.325,29.122
86.663,29.894
86.99,30.689
87.305,31.506
87.607,32.346
87.895,33.209
88.17,34.098
88.429,35.012
88.673,35.952
88.9,36.92
89.11,37.916
89.302,38.941
89.475,39.996
89.628,41.082
89.76,42.201
89.871,43.352
89.96,44.537
90.024,45.758
90.064,47.015
90.079,48.31
90.067,49.643
90.028,51.016
89.96,52.43
89.862,53.887
89.733,55.387
89.572,56.932
89.378,58.523
89.15,60.162
88.886,61.849
88.585,63.587
88.246,65.377
87.868,67.219
87.449,69.116
86.989,71.069
86.485,73.08
85.936,75.149
85.342,77.278
84.701,79.47
84.01,81.725
83.27,84.044
82.479,86.43
81.634,88.884
80.736,91.405
79.782,93.997
78.77,96.661
77.697,99.399
76.561,102.21
75.36,105.11
74.091,108.08
72.754,111.13
71.344,114.27
69.861,117.5
68.303,120.81
66.667,124.2
64.951,127.69
63.154,131.27
61.274,134.94
59.31,138.7
57.259,142.55
55.121,146.5
52.893,150.54
50.575,154.67
48.165,158.9
45.663,163.22
43.067,167.63
40.377,172.13
37.592,176.73
34.711,181.41
31.734,186.18
28.661,191.03
25.491,195.97
22.226,200.98
18.864,206.08
15.407,211.24
11.855,216.48
8.2089,221.78
4.4701,227.14
0.63962,232.55
-3.2809,238.02
-7.2899,243.53
-11.385,249.07
-15.565,254.65
-19.826,260.24
-24.166,265.85
-28.581,271.47
-33.07,277.09
-37.626,282.7
-42.245,288.28
-46.921,293.83
-51.648,299.33
-56.419,304.77
-61.227,310.13
-66.066,315.41
-70.928,320.58
-75.804,325.63
-80.687,330.55
-85.569,335.32
-90.44,339.92
-95.292,344.35
-100.11,348.57
-104.9,352.58
-109.64,356.37
-114.32,359.91
-118.94,363.19
-123.48,366.2
-127.94,368.92
-132.3,371.34
-136.56,373.44
-140.7,375.2
-144.73,376.63
-148.62,377.7
-152.38,378.41
-155.98,378.74
-159.44,378.68
-162.73,378.23
-165.85,377.39
-168.79,376.13
-171.56,374.47
-174.13,372.4
-176.52,369.91
-178.7,367.01
-180.69,363.7
-182.47,359.98
-184.05,355.86
-185.42,351.35
-186.58,346.44
-187.54,341.16
-188.28,335.51
-188.83,329.51
-189.17,323.15
-189.31,316.46
-189.25,309.46
-189.01,302.14
-188.58,294.54
-187.97,286.67
-187.19,278.55
-186.25,270.18
-185.14,261.6
-183.87,252.82
-182.46,243.85
-180.91,234.72
-179.23,225.45
-177.42,216.05
-175.49,206.54
-173.46,196.94
-171.32,187.26
-169.08,177.53
-166.76,167.77
-164.35,157.99
-161.88,148.2
-159.34,138.43
-156.74,128.7
-154.09,119
-151.4,109.37
-148.67,99.82
-145.91,90.356
-143.13,80.996
-140.33,71.752
-137.51,62.635
-134.7,53.657
-131.88,44.829
-129.06,36.159
-126.26,27.657
-123.47,19.33
-120.69,11.186
-117.95,3.2288
-115.22,-4.5418
-112.52,-12.124
-109.86,-19.516
-107.22,-26.716
-104.62,-33.725
-102.06,-40.54
-99.528,-47.163
-97.04,-53.593
-94.593,-59.831
-92.187,-65.878
-89.824,-71.734
-87.504,-77.4
-85.228,-82.879
-82.997,-88.172
-80.81,-93.28
-78.669,-98.206
-76.573,-102.95
-74.523,-107.52
-72.518,-111.91
-70.559,-116.13
-68.646,-120.19
-66.777,-124.07
-64.954,-127.79
-63.176,-131.35
-61.441,-134.75
-59.751,-137.99
-58.103,-141.08
-56.499,-144.03
-54.937,-146.83
-53.416,-149.48
-51.937,-152
-50.498,-154.38
-49.098,-156.63
-47.738,-158.75
-46.416,-160.75
-45.131,-162.62
-43.883,-164.37
-42.671,-166.01
-41.494,-167.53
-40.352,-168.95
-39.242,-170.26
-38.166,-171.48
-37.12,-172.59
-36.104,-173.62
-35.118,-174.55
-34.161,-175.41
-33.23,-176.17
-32.327,-176.86
-31.449,-177.48
-30.596,-178.02
-29.767,-178.49
-28.962,-178.9
-28.179,-179.24
-27.418,-179.52
-26.679,-179.74
-25.959,-179.9
-25.26,-180.02
-24.58,-180.08
-23.918,-180.09
-23.275,-180.06
-22.649,-179.98
-22.04,-179.85
-21.447,-179.69
-20.871,-179.49
-20.309,-179.25
-19.763,-178.97
-19.231,-178.66
-18.714,-178.32
-18.21,-177.94
-17.72,-177.54
-17.243,-177.1
-16.779,-176.64
-16.327,-176.15
-15.887,-175.63
-15.459,-175.09
-15.043,-174.52
-14.638,-173.93
-14.244,-173.31
-13.861,-172.67
-13.489,-172.01
-13.127,-171.33
-12.776,-170.62
-12.434,-169.89
-12.103,-169.14
-11.781,-168.37
-11.468,-167.58
-11.166,-166.77
-10.872,-165.94
-10.587,-165.08
-10.312,-164.2
-10.045,-163.3
-9.7858,-162.39
-9.5331,-161.47
-9.2868,-160.54
-9.0468,-159.61
-8.8128,-158.66
-8.5847,-157.71
-8.3622,-156.75
-8.1454,-155.79
-7.9338,-154.82
-7.7274,-153.85
-7.5261,-152.87
-7.3296,-151.89
-7.1379,-150.9
-6.9507,-149.91
-6.768,-148.92
-6.5896,-147.93
-6.4153,-146.93
-6.2451,-145.94
-6.0788,-144.94
-5.9163,-143.94
-5.7575,-142.94
-5.6022,-141.94
-5.4504,-140.93
-5.302,-139.93
-5.1568,-138.93
-5.0147,-137.94
-4.8757,-136.94
-4.7397,-135.94
-4.6066,-134.95
-4.4762,-133.95
-4.3485,-132.96
-4.2235,-131.97
-4.101,-130.99
-3.981,-130
-3.8634,-129.02
-3.7481,-128.04
-3.6351,-127.07
-3.5243,-126.09
-3.4156,-125.12
-3.309,-124.16
-3.2043,-123.2
-3.1016,-122.24
-3.0009,-121.28
-2.9019,-120.33
-2.8047,-119.39
-2.7093,-118.44
-2.6155,-117.51
-2.5234,-116.57
-2.4328,-115.64
-2.3438,-114.72
-2.2562,-113.79
-2.1701,-112.88
-2.0854,-111.97
-2.0021,-111.06
-1.92,-110.16
-1.8392,-109.26
-1.7597,-108.36
-1.6813,-107.48
-1.6041,-106.59
-1.528,-105.72
-1.4531,-104.84
-1.3791,-103.98
-1.3062,-103.11
-1.2343,-102.25
-1.1634,-101.4
-1.0934,-100.56
-1.0243,-99.713
-0.95602,-98.877
-0.88863,-98.045
-0.82207,-97.219
-0.75629,-96.398
-0.69128,-95.583
-0.62701,-94.773
-0.56347,-93.968
-0.50061,-93.168
-0.43843,-92.374
-0.3769,-91.585
-0.31599,-90.802
-0.25569,-90.024
-0.19597,-89.251
-0.13681,-88.484
-0.078203,-87.722
-0.020117,-86.965
0.037464,-86.214
0.094558,-85.468
0.15118,-84.728
0.20736,-83.992
0.26309,-83.263
0.31842,-82.538
0.37334,-81.819
0.42787,-81.105
0.48204,-80.397
0.53585,-79.693
0.58932,-78.996
0.64247,-78.303
0.69531,-77.615
0.74786,-76.933
0.80012,-76.256
0.85211,-75.584
0.90385,-74.918
0.95534,-74.256
1.0066,-73.6
1.0577,-72.948
1.1085,-72.302
1.1591,-71.661
1.2096,-71.025
1.2599,-70.394
1.3101,-69.767
1.3601,-69.146
1.4099,-68.53
1.4597,-67.918
1.5093,-67.312
1.5588,-66.71
1.6082,-66.113
1.6575,-65.521
1.7068,-64.934
1.7559,-64.351
1.8051,-63.774
1.8541,-63.2
1.9031,-62.632
1.9522,-62.068
2.0011,-61.509
2.0501,-60.954
2.0991,-60.404
2.148,-59.858
2.197,-59.317
2.2461,-58.781
2.2951,-58.248
2.3442,-57.72
2.3933,-57.197
2.4425,-56.678
2.4918,-56.163
2.5412,-55.652
2.5906,-55.146
2.6401,-54.644
2.6898,-54.146
2.7395,-53.652
2.7894,-53.162
2.8394,-52.677
2.8895,-52.195
2.9397,-51.718
2.9902,-51.244
3.0407,-50.775
3.0915,-50.309
3.1424,-49.848
3.1934,-49.39
3.2447,-48.936
3.2962,-48.486
3.3479,-48.04
3.3997,-47.598
3.4518,-47.159
3.5041,-46.724
3.5567,-46.293
3.6095,-45.865
3.6625,-45.441
3.7158,-45.021
3.7693,-44.605
3.8231,-44.192
3.8772,-43.782
3.9315,-43.376
3.9862,-42.974
4.0411,-42.574
4.0963,-42.179
4.1519,-41.787
4.2077,-41.398
4.2639,-41.012
4.3203,-40.63
4.3772,-40.251
4.4343,-39.876
4.4918,-39.503
4.5496,-39.134
4.6078,-38.768
4.6664,-38.406
4.7253,-38.046
4.7846,-37.69
4.8442,-37.336
4.9043,-36.986
4.9647,-36.639
5.0256,-36.295
5.0868,-35.954
5.1485,-35.616
5.2105,-35.28
5.273,-34.948
5.3359,-34.619
5.3992,-34.292
5.463,-33.968
5.5272,-33.648
5.5919,-33.33
5.657,-33.015
5.7226,-32.702
5.7886,-32.392
5.8551,-32.086
5.9221,-31.781
5.9895,-31.48
6.0575,-31.181
6.1259,-30.885
6.1948,-30.591
6.2643,-30.3
6.3342,-30.011
6.4046,-29.726
6.4756,-29.442
6.5471,-29.161
6.6191,-28.883
6.6916,-28.607
6.7647,-28.334
6.8383,-28.062
6.9125,-27.794
6.9872,-27.528
7.0625,-27.264
7.1383,-27.002
7.2148,-26.743
7.2919,-26.486
7.3696,-26.231
7.448,-25.978
7.5269,-25.728
7.6065,-25.48
7.6868,-25.234
7.7677,-24.99
7.8492,-24.748
7.9314,-24.508
8.0143,-24.27
8.0979,-24.035
8.1822,-23.801
8.2671,-23.57
8.3528,-23.34
8.4391,-23.113
8.5262,-22.887
8.614,-22.664
8.7025,-22.442
8.7918,-22.222
8.8818,-22.004
8.9726,-21.788
9.0641,-21.574
9.1564,-21.362
9.2495,-21.152
9.3434,-20.943
9.438,-20.736
9.5335,-20.531
9.6298,-20.328
9.7269,-20.126
9.8248,-19.926
9.9235,-19.728
10.023,-19.531
10.124,-19.337
10.225,-19.143
10.327,-18.952
10.43,-18.762
10.534,-18.574
10.639,-18.387
10.745,-18.202
10.851,-18.018
10.959,-17.836
11.067,-17.655
11.177,-17.476
11.287,-17.299
11.399,-17.123
11.511,-16.948
11.624,-16.775
11.739,-16.603
11.854,-16.433
11.97,-16.264
12.088,-16.096
12.206,-15.93
12.325,-15.765
12.446,-15.601
12.567,-15.439
12.69,-15.278
12.813,-15.118
12.938,-14.96
13.064,-14.803
13.191,-14.647
13.319,-14.492
13.448,-14.339
13.578,-14.187
13.71,-14.036
13.843,-13.886
13.976,-13.737
14.111,-13.59
14.247,-13.443
14.385,-13.298
14.523,-13.154
14.663,-13.011
14.804,-12.869
14.946,-12.728
15.09,-12.588
15.235,-12.449
15.381,-12.311
15.528,-12.174
15.677,-12.039
15.827,-11.904
15.978,-11.77
16.131,-11.637
16.285,-11.505
16.44,-11.374
16.597,-11.244
16.755,-11.115
16.914,-10.987
17.075,-10.859
17.238,-10.733
17.401,-10.607
17.567,-10.482
17.733,-10.358
17.901,-10.235
18.071,-10.113
18.242,-9.9914
18.415,-9.8707
18.589,-9.7507
18.764,-9.6316
18.941,-9.5131
19.12,-9.3955
19.3,-9.2785
19.482,-9.1623
19.666,-9.0467
19.851,-8.9318
20.037,-8.8177
20.226,-8.7041
20.415,-8.5912
20.607,-8.4789
20.8,-8.3673
20.995,-8.2562
21.192,-8.1458
21.39,-8.0359
21.59,-7.9266
21.792,-7.8178
21.996,-7.7096
22.201,-7.6019
22.408,-7.4947
22.617,-7.3879
22.828,-7.2817
23.041,-7.176
23.255,-7.0707
23.471,-6.9658
23.689,-6.8614
23.91,-6.7574
24.131,-6.6538
24.355,-6.5505
24.581,-6.4477
24.809,-6.3452
25.038,-6.2431
25.27,-6.1413
25.504,-6.0398
25.739,-5.9386
25.977,-5.8377
26.217,-5.7371
26.458,-5.6367
26.702,-5.5366
26.948,-5.4368
27.196,-5.3371
27.446,-5.2377
27.698,-5.1384
27.952,-5.0394
28.208,-4.9405
28.467,-4.8417
28.728,-4.743
28.991,-4.6445
29.256,-4.5461
29.523,-4.4477
29.792,-4.3494
30.064,-4.2512
30.338,-4.153
30.614,-4.0548
30.893,-3.9566
31.174,-3.8584
31.457,-3.7601
31.742,-3.6618
32.03,-3.5634
32.32,-3.4649
32.613,-3.3663
32.908,-3.2676
33.205,-3.1687
33.505,-3.0696
33.807,-2.9704
34.111,-2.8709
34.418,-2.7712
34.727,-2.6713
35.039,-2.5711
35.353,-2.4705
35.67,-2.3697
35.989,-2.2685
36.311,-2.1669
36.635,-2.065
36.962,-1.9626
37.292,-1.8598
37.623,-1.7565
37.958,-1.6527
38.295,-1.5484
38.634,-1.4436
38.976,-1.3382
39.321,-1.2321
39.669,-1.1255
40.018,-1.0181
40.371,-0.91011
40.726,-0.80136
41.084,-0.69186
41.445,-0.58157
41.808,-0.47046
42.173,-0.35849
42.542,-0.24563
42.913,-0.13185
43.287,-0.017102
43.663,0.098641
44.042,0.21542
44.424,0.33328
44.809,0.45225
45.196,0.57237
45.586,0.69369
45.978,0.81625
46.374,0.94009
46.772,1.0653
47.173,1.1918
47.576,1.3197
47.982,1.4492
48.391,1.5801
48.802,1.7125
49.215,1.8466
49.631,1.9824
50.049,2.1198
50.47,2.2591
50.894,2.4002
51.32,2.5433
51.748,2.6883
52.179,2.8354
52.613,2.9845
53.049,3.1359
53.488,3.2894
53.929,3.4453
54.373,3.6036
54.82,3.7643
55.269,3.9275
55.72,4.0933
56.174,4.2618
56.63,4.433
57.089,4.6071
57.55,4.7841
58.013,4.9641
58.479,5.1471
58.947,5.3334
59.418,5.523
59.89,5.7159
60.365,5.9123
60.841,6.1123
61.32,6.316
61.801,6.5234
62.284,6.7348
62.768,6.9503
63.254,7.1699
63.742,7.3937
64.232,7.622
64.723,7.8549
65.215,8.0924
65.709,8.3348
66.204,8.5822
66.7,8.8347
67.198,9.0926
67.696,9.3559
68.195,9.6249
68.694,9.8996
69.195,10.18
69.695,10.467
70.196,10.761
70.697,11.061
71.198,11.368
71.699,11.682
72.2,12.003
72.7,12.331
73.199,12.668
73.698,13.012
74.196,13.364
74.692,13.725
75.187,14.095
75.681,14.474
76.172,14.862
76.662,15.26
77.15,15.668
77.635,16.085
78.117,16.514
78.597,16.953
79.073,17.404
79.546,17.866
80.015,18.341
80.48,18.827
80.942,19.327
81.398,19.839
81.85,20.365
82.297,20.905
82.738,21.46
83.174,22.029
83.604,22.613
84.027,23.214
84.442,23.83
84.849,24.465
85.247,25.117
85.635,25.787
86.013,26.477
86.382,27.185
86.74,27.914
87.088,28.664
87.425,29.434
87.751,30.227
88.064,31.042
88.366,31.88
88.654,32.743
88.929,33.63
89.19,34.542
89.436,35.481
89.666,36.447
89.881,37.441
90.079,38.463
90.259,39.516
90.421,40.599
90.564,41.714
90.687,42.862
90.788,44.043
90.868,45.26
90.925,46.512
90.957,47.802
90.965,49.129
90.947,50.497
90.901,51.905
90.826,53.355
90.722,54.849
90.587,56.387
90.42,57.971
90.219,59.603
89.984,61.284
89.712,63.015
89.402,64.798
89.053,66.634
88.663,68.526
88.232,70.474
87.756,72.48
87.235,74.546
86.667,76.673
86.051,78.863
85.384,81.117
84.665,83.438
83.893,85.827
83.065,88.286
82.18,90.815
81.237,93.418
80.232,96.095
79.165,98.848
78.033,101.68
76.836,104.59
75.57,107.58
74.235,110.66
72.828,113.81
71.348,117.06
69.792,120.39
68.159,123.8
66.448,127.31
64.656,130.91
62.782,134.59
60.823,138.38
58.779,142.25
56.648,146.22
54.428,150.28
52.118,154.44
49.715,158.69
47.22,163.03
44.63,167.48
41.944,172.01
39.161,176.64
36.28,181.37
33.3,186.18
30.22,191.09
27.039,196.09
23.76,201.17
20.381,206.34
16.903,211.58
13.326,216.9
9.6498,222.28
5.8755,227.74
2.0043,233.26
-1.9622,238.83
-6.0221,244.45
-10.173,250.12
-14.412,255.82
-18.737,261.55
-23.143,267.29
-27.627,273.05
-32.184,278.8
-36.81,284.54
-41.5,290.26
-46.249,295.95
-51.05,301.59
-55.897,307.17
-60.785,312.68
-65.705,318.1
-70.652,323.42
-75.617,328.63
-80.592,333.71
-85.571,338.64
-90.543,343.41
-95.501,348.01
-100.43,352.41
-105.33,356.6
-110.19,360.57
-114.99,364.29
-119.72,367.75
-124.38,370.94
-128.96,373.84
-133.44,376.43
-137.82,378.7
-142.08,380.63
-146.22,382.22
-150.23,383.45
-154.1,384.3
-157.82,384.77
-161.38,384.86
-164.77,384.54
-167.99,383.81
-171.03,382.67
-173.89,381.11
-176.55,379.13
-179.02,376.72
-181.28,373.89
-183.34,370.64
-185.19,366.97
-186.83,362.88
-188.25,358.38
-189.45,353.48
-190.45,348.18
-191.23,342.51
-191.81,336.46
-192.18,330.05
-192.34,323.3
-192.31,316.22
-192.08,308.82
-191.67,301.12
-191.07,293.13
-190.29,284.88
-189.33,276.37
-188.22,267.63
-186.94,258.67
-185.5,249.52
-183.92,240.18
-182.21,230.69
-180.36,221.05
-178.38,211.29
-176.29,201.43
-174.09,191.48
-171.79,181.47
-169.4,171.41
-166.92,161.32
-164.37,151.23
-161.75,141.14
-159.06,131.08
-156.32,121.07
-153.54,111.11
-150.71,101.24
-147.86,91.462
-144.98,81.794
-142.08,72.252
-139.17,62.85
-136.26,53.603
-133.35,44.524
-130.45,35.625
-127.56,26.919
-124.7,18.416
-121.86,10.122
-119.04,2.022
-116.25,-5.8855
-113.49,-13.598
-110.76,-21.115
-108.06,-28.434
-105.41,-35.554
-102.79,-42.476
-100.21,-49.2
-97.668,-55.725
-95.171,-62.052
-92.718,-68.182
-90.309,-74.116
-87.946,-79.856
-85.628,-85.403
-83.357,-90.759
-81.133,-95.926
-78.955,-100.91
-76.825,-105.7
-74.742,-110.31
-72.707,-114.75
-70.718,-119
-68.777,-123.09
-66.882,-127
-65.034,-130.74
-63.232,-134.32
-61.476,-137.74
-59.765,-141
-58.098,-144.1
-56.476,-147.05
-54.897,-149.85
-53.361,-152.51
-51.868,-155.03
-50.415,-157.41
-49.004,-159.65
-47.632,-161.76
-46.3,-163.74
-45.006,-165.6
-43.75,-167.33
-42.531,-168.95
-41.347,-170.46
-40.199,-171.85
-39.084,-173.15
-38.002,-174.34
-36.952,-175.43
-35.932,-176.43
-34.942,-177.35
-33.981,-178.17
-33.048,-178.92
-32.141,-179.58
-31.261,-180.17
-30.406,-180.68
-29.576,-181.13
-28.769,-181.51
-27.985,-181.82
-27.223,-182.08
-26.482,-182.27
-25.763,-182.41
-25.063,-182.5
-24.383,-182.53
-23.721,-182.52
-23.078,-182.46
-22.452,-182.35
-21.843,-182.2
-21.251,-182.01
-20.675,-181.78
-20.115,-181.51
-19.57,-181.21
-19.04,-180.87
-18.524,-180.5
-18.021,-180.1
-17.533,-179.67
-17.058,-179.2
-16.595,-178.71
-16.145,-178.19
-15.708,-177.65
-15.282,-177.08
-14.868,-176.48
-14.466,-175.86
-14.075,-175.21
-13.695,-174.54
-13.325,-173.85
-12.967,-173.14
-12.618,-172.4
-12.28,-171.64
-11.952,-170.86
-11.634,-170.06
-11.326,-169.24
-11.027,-168.39
-10.737,-167.52
-10.457,-166.63
-10.186,-165.72
-9.9216,-164.8
-9.6644,-163.86
-9.4139,-162.92
-9.1698,-161.97
-8.932,-161.01
-8.7002,-160.05
-8.4743,-159.08
-8.2541,-158.1
-8.0393,-157.12
-7.8299,-156.13
-7.6257,-155.14
-7.4265,-154.14
-7.2321,-153.14
-7.0425,-152.13
-6.8574,-151.13
-6.6767,-150.12
-6.5003,-149.1
-6.328,-148.09
-6.1598,-147.08
-5.9954,-146.06
-5.8348,-145.04
-5.6779,-144.03
-5.5246,-143.01
-5.3746,-141.99
-5.228,-140.98
-5.0847,-139.96
-4.9444,-138.95
-4.8072,-137.93
-4.673,-136.92
-4.5416,-135.91
-4.4129,-134.91
-4.287,-133.9
-4.1637,-132.9
-4.0429,-131.9
-3.9245,-130.9
-3.8085,-129.91
-3.6949,-128.91
-3.5835,-127.93
-3.4742,-126.94
-3.3671,-125.96
-3.262,-124.98
-3.1589,-124.01
-3.0578,-123.04
-2.9585,-122.07
-2.861,-121.11
-2.7653,-120.15
-2.6714,-119.2
-2.5791,-118.25
-2.4884,-117.3
-2.3992,-116.36
-2.3116,-115.42
-2.2255,-114.49
-2.1408,-113.56
-2.0574,-112.64
-1.9754,-111.73
-1.8947,-110.81
-1.8152,-109.91
-1.737,-109
-1.66,-108.11
-1.5841,-107.21
-1.5093,-106.33
-1.4356,-105.44
-1.3629,-104.57
-1.2913,-103.7
-1.2206,-102.83
-1.1509,-101.97
-1.0821,-101.11
-1.0142,-100.26
-0.94719,-99.419
-0.88099,-98.58
-0.81561,-97.746
-0.75102,-96.917
-0.68718,-96.094
-0.62408,-95.276
-0.56168,-94.464
-0.49998,-93.657
-0.43894,-92.856
-0.37854,-92.06
-0.31875,-91.27
-0.25957,-90.485
-0.20097,-89.705
-0.14292,-88.931
-0.085411,-88.163
-0.02842,-87.4
0.028071,-86.642
0.08408,-85.89
0.13962,-85.144
0.19472,-84.403
0.24939,-83.667
0.30365,-82.937
0.35751,-82.212
0.41099,-81.492
0.4641,-80.778
0.51686,-80.069
0.56929,-79.366
0.62139,-78.668
0.67319,-77.975
0.7247,-77.288
0.77593,-76.606
0.82689,-75.929
0.87759,-75.257
0.92806,-74.591
0.9783,-73.93
1.0283,-73.274
1.0782,-72.623
1.1278,-71.977
1.1772,-71.336
1.2265,-70.701
1.2757,-70.07
1.3246,-69.445
1.3735,-68.824
1.4222,-68.208
1.4708,-67.598
1.5193,-66.992
1.5677,-66.391
1.616,-65.795
1.6642,-65.204
1.7124,-64.617
1.7605,-64.036
1.8086,-63.459
1.8566,-62.887
1.9046,-62.319
1.9526,-61.756
2.0005,-61.198
2.0485,-60.645
2.0964,-60.096
2.1444,-59.551
2.1924,-59.011
2.2405,-58.475
2.2886,-57.944
2.3367,-57.417
2.3849,-56.895
2.4332,-56.377
2.4815,-55.863
2.5299,-55.354
2.5784,-54.849
2.627,-54.348
2.6758,-53.851
2.7246,-53.359
2.7736,-52.87
2.8227,-52.386
2.8719,-51.906
2.9213,-51.43
2.9708,-50.958
3.0205,-50.49
3.0704,-50.025
3.1204,-49.565
3.1706,-49.109
3.2211,-48.657
3.2717,-48.208
3.3225,-47.763
3.3735,-47.322
3.4248,-46.885
3.4762,-46.452
3.5279,-46.022
3.5799,-45.596
3.6321,-45.174
3.6845,-44.755
3.7372,-44.34
3.7902,-43.929
3.8434,-43.521
3.8969,-43.116
3.9507,-42.715
4.0048,-42.318
4.0592,-41.924
4.1139,-41.533
4.1689,-41.146
4.2242,-40.762
4.2799,-40.382
4.3358,-40.005
4.3921,-39.631
4.4488,-39.26
4.5058,-38.893
4.5631,-38.528
4.6208,-38.167
4.6789,-37.809
4.7373,-37.455
4.7961,-37.103
4.8553,-36.755
4.9149,-36.409
4.9748,-36.067
5.0352,-35.727
5.0959,-35.391
5.1571,-35.057
5.2187,-34.727
5.2807,-34.399
5.3431,-34.074
5.406,-33.752
5.4693,-33.433
5.533,-33.117
5.5972,-32.803
5.6618,-32.493
5.7269,-32.185
5.7925,-31.88
5.8585,-31.577
5.925,-31.277
5.992,-30.98
6.0594,-30.686
6.1274,-30.394
6.1958,-30.104
6.2647,-29.818
6.3341,-29.533
6.4041,-29.252
6.4745,-28.973
6.5455,-28.696
6.617,-28.422
6.689,-28.15
6.7617,-27.88
6.8349,-27.613
6.9086,-27.349
6.983,-27.086
7.0579,-26.826
7.1335,-26.568
7.2096,-26.313
7.2864,-26.059
7.3638,-25.808
7.4418,-25.559
7.5204,-25.312
7.5997,-25.068
7.6796,-24.825
7.7602,-24.585
7.8414,-24.347
7.9233,-24.11
8.0059,-23.876
8.0891,-23.644
8.1731,-23.414
8.2577,-23.186
8.343,-22.96
8.4291,-22.736
8.5159,-22.514
8.6034,-22.293
8.6916,-22.075
8.7806,-21.859
8.8703,-21.644
8.9608,-21.431
9.052,-21.221
9.144,-21.011
9.2368,-20.804
9.3304,-20.599
9.4248,-20.395
9.52,-20.193
9.616,-19.993
9.7128,-19.794
9.8105,-19.598
9.9089,-19.402
10.008,-19.209
10.108,-19.017
10.21,-18.827
10.311,-18.638
10.414,-18.452
10.518,-18.266
10.623,-18.082
10.728,-17.9
10.835,-17.719
10.942,-17.54
11.05,-17.362
11.159,-17.186
11.27,-17.011
11.381,-16.838
11.493,-16.666
11.606,-16.496
11.72,-16.327
11.835,-16.159
11.951,-15.993
12.069,-15.828
12.187,-15.664
12.306,-15.502
12.426,-15.341
12.548,-15.181
12.67,-15.023
12.794,-14.866
12.918,-14.71
13.044,-14.555
13.171,-14.402
13.298,-14.25
13.427,-14.099
13.558,-13.949
13.689,-13.801
13.822,-13.653
13.955,-13.507
14.09,-13.362
14.226,-13.218
14.363,-13.075
14.502,-12.933
14.642,-12.793
14.782,-12.653
14.925,-12.514
15.068,-12.377
15.213,-12.24
15.359,-12.105
15.506,-11.97
15.655,-11.837
15.805,-11.704
15.956,-11.573
16.108,-11.442
16.262,-11.313
16.418,-11.184
16.574,-11.056
16.732,-10.929
16.892,-10.803
17.053,-10.678
17.215,-10.554
17.379,-10.43
17.544,-10.308
17.71,-10.186
17.878,-10.065
18.048,-9.9448
18.219,-9.8255
18.392,-9.7069
18.566,-9.5891
18.742,-9.4721
18.919,-9.3558
19.097,-9.2402
19.278,-9.1253
19.46,-9.0111
19.643,-8.8976
19.828,-8.7848
20.015,-8.6727
20.204,-8.5612
20.394,-8.4503
20.585,-8.34
20.779,-8.2304
20.974,-8.1214
21.171,-8.0129
21.369,-7.905
21.57,-7.7977
21.772,-7.6909
21.975,-7.5846
22.181,-7.4789
22.388,-7.3736
22.598,-7.2689
22.809,-7.1646
23.021,-7.0608
23.236,-6.9575
23.453,-6.8546
23.671,-6.7521
23.891,-6.6501
24.114,-6.5484
24.338,-6.4472
24.564,-6.3463
24.792,-6.2458
25.022,-6.1456
25.254,-6.0458
25.488,-5.9462
25.724,-5.847
25.962,-5.7481
26.202,-5.6495
26.444,-5.5511
26.688,-5.453
26.934,-5.3551
27.182,-5.2575
27.433,-5.16
27.685,-5.0628
27.94,-4.9657
28.197,-4.8688
28.456,-4.772
28.717,-4.6754
28.98,-4.5789
29.246,-4.4825
29.514,-4.3862
29.784,-4.2899
30.056,-4.1937
30.331,-4.0976
30.608,-4.0015
30.887,-3.9053
31.168,-3.8092
31.452,-3.713
31.738,-3.6168
32.027,-3.5205
32.317,-3.4241
32.611,-3.3276
32.906,-3.231
33.204,-3.1343
33.505,-3.0373
33.807,-2.9402
34.113,-2.8429
34.421,-2.7454
34.731,-2.6476
35.044,-2.5496
35.359,-2.4513
35.676,-2.3526
35.997,-2.2537
36.319,-2.1543
36.645,-2.0546
36.973,-1.9545
37.303,-1.854
37.636,-1.753
37.972,-1.6515
38.31,-1.5495
38.651,-1.447
38.994,-1.3439
39.34,-1.2403
39.689,-1.136
40.04,-1.031
40.394,-0.92545
40.751,-0.81914
41.111,-0.71209
41.473,-0.60428
41.838,-0.49567
42.205,-0.38623
42.575,-0.27592
42.948,-0.16471
43.324,-0.052558
43.702,0.060561
44.083,0.17469
44.467,0.28986
44.854,0.40612
45.243,0.5235
45.636,0.64204
46.03,0.76177
46.428,0.88273
46.828,1.005
47.23,1.1285
47.635,1.2535
48.043,1.3798
48.453,1.5077
48.867,1.6371
49.282,1.768
49.701,1.9007
50.122,2.035
50.546,2.171
50.972,2.3089
51.401,2.4486
51.833,2.5903
52.268,2.734
52.705,2.8797
53.145,3.0275
53.588,3.1774
54.033,3.3297
54.481,3.4842
54.931,3.6411
55.385,3.8004
55.84,3.9623
56.299,4.1268
56.76,4.2939
57.223,4.4638
57.689,4.6366
58.157,4.8122
58.628,4.9909
59.101,5.1727
59.576,5.3576
60.054,5.5459
60.534,5.7376
61.016,5.9327
61.5,6.1315
61.986,6.334
62.475,6.5403
62.965,6.7506
63.457,6.9649
63.95,7.1834
64.446,7.4063
64.943,7.6336
65.441,7.8655
65.941,8.1022
66.442,8.3437
66.945,8.5904
67.448,8.8422
67.953,9.0994
68.459,9.3622
68.965,9.6306
69.472,9.905
69.98,10.186
70.488,10.472
70.996,10.766
71.504,11.065
72.013,11.372
72.521,11.686
73.029,12.008
73.537,12.337
74.044,12.673
74.55,13.018
75.055,13.371
75.559,13.733
76.062,14.104
76.563,14.484
77.062,14.873
77.56,15.272
78.055,15.681
78.548,16.101
79.039,16.531
79.527,16.972
80.011,17.425
80.493,17.889
80.97,18.365
81.445,18.854
81.915,19.356
82.38,19.871
82.841,20.4
83.295,20.943
83.741,21.502
84.181,22.077
84.613,22.667
85.037,23.275
85.453,23.899
85.861,24.541
86.261,25.201
86.653,25.879
87.035,26.577
87.408,27.294
87.771,28.031
88.125,28.789
88.467,29.569
88.799,30.371
89.119,31.195
89.427,32.043
89.722,32.916
90.004,33.813
90.273,34.736
90.526,35.686
90.764,36.663
90.986,37.669
91.191,38.704
91.379,39.769
91.548,40.866
91.697,41.994
91.826,43.156
91.933,44.353
92.019,45.585
92.08,46.854
92.118,48.161
92.129,49.507
92.114,50.893
92.07,52.321
91.998,53.792
91.895,55.308
91.76,56.869
91.592,58.478
91.389,60.135
91.15,61.843
90.874,63.603
90.559,65.415
90.204,67.283
89.806,69.208
89.365,71.19
88.879,73.233
88.346,75.336
87.765,77.504
87.133,79.736
86.449,82.035
85.712,84.402
84.919,86.84
84.069,89.349
83.16,91.933
82.19,94.591
81.157,97.327
80.06,100.14
78.896,103.04
77.663,106.01
76.361,109.08
74.986,112.22
73.537,115.46
72.013,118.78
70.411,122.19
68.729,125.7
66.966,129.29
65.119,132.98
63.188,136.77
61.169,140.65
59.063,144.63
56.866,148.71
54.578,152.88
52.196,157.15
49.719,161.53
47.146,166
44.476,170.57
41.706,175.24
38.838,180.01
35.87,184.87
32.8,189.83
29.629,194.88
26.354,200.02
22.975,205.24
19.493,210.56
15.906,215.95
12.216,221.43
8.4243,226.97
4.5309,232.59
0.53773,238.27
-3.5533,244.01
-7.7398,249.79
-12.019,255.62
-16.388,261.48
-20.844,267.37
-25.382,273.28
-29.999,279.19
-34.689,285.1
-39.449,290.99
-44.272,296.86
-49.153,302.69
-54.086,308.47
-59.065,314.18
-64.083,319.82
-69.132,325.36
-74.206,330.79
-79.296,336.1
-84.396,341.28
-89.495,346.3
-94.584,351.14
-99.653,355.8
-104.69,360.25
-109.69,364.48
-114.64,368.46
-119.52,372.19
-124.34,375.64
-129.07,378.8
-133.71,381.65
-138.25,384.18
-142.67,386.37
-146.98,388.21
-151.15,389.69
-155.18,390.78
-159.05,391.49
-162.77,391.8
-166.33,391.7
-169.7,391.18
-172.9,390.23
-175.9,388.86
-178.71,387.05
-181.32,384.8
-183.72,382.11
-185.91,378.99
-187.89,375.43
-189.65,371.44
-191.18,367.02
-192.5,362.18
-193.59,356.93
-194.47,351.28
-195.13,345.24
-195.57,338.82
-195.8,332.04
-195.82,324.91
-195.64,317.45
-195.27,309.68
-194.7,301.6
-193.94,293.24
-193.01,284.62
-191.9,275.75
-190.62,266.65
-189.18,257.34
-187.59,247.85
-185.86,238.18
-183.98,228.37
-181.98,218.42
-179.86,208.37
-177.62,198.22
-175.28,188.01
-172.84,177.74
-170.31,167.44
-167.71,157.13
-165.03,146.83
-162.28,136.55
-159.48,126.31
-156.63,116.14
-153.74,106.04
-150.82,96.036
-147.87,86.141
-144.9,76.372
-141.92,66.743
-138.94,57.267
-135.96,47.959
-132.98,38.83
-130.02,29.892
-127.08,21.157
-124.16,12.633
-121.26,4.3105
-118.4,-3.8136
-115.56,-11.737
-112.76,-19.459
-109.99,-26.977
-107.27,-34.291
-104.58,-41.4
-101.93,-48.305
-99.322,-55.005
-96.761,-61.501
-94.244,-67.795
-91.773,-73.886
-89.349,-79.777
-86.973,-85.469
-84.645,-90.964
-82.365,-96.264
-80.134,-101.37
-77.951,-106.29
-75.818,-111.02
-73.734,-115.56
-71.698,-119.92
-69.712,-124.11
-67.773,-128.11
-65.883,-131.95
-64.04,-135.61
-62.245,-139.11
-60.496,-142.44
-58.794,-145.62
-57.137,-148.64
-55.525,-151.5
-53.957,-154.22
-52.433,-156.79
-50.951,-159.22
-49.512,-161.51
-48.114,-163.66
-46.756,-165.69
-45.438,-167.58
-44.159,-169.35
-42.918,-171
-41.714,-172.53
-40.545,-173.96
-39.411,-175.27
-38.311,-176.49
-37.243,-177.6
-36.206,-178.62
-35.2,-179.55
-34.224,-180.39
-33.276,-181.14
-32.355,-181.82
-31.462,-182.42
-30.594,-182.94
-29.751,-183.39
-28.933,-183.77
-28.137,-184.09
-27.365,-184.35
-26.614,-184.55
-25.885,-184.69
-25.176,-184.77
-24.487,-184.8
-23.817,-184.79
-23.165,-184.72
-22.532,-184.61
-21.916,-184.46
-21.318,-184.26
-20.735,-184.02
-20.169,-183.75
-19.618,-183.44
-19.082,-183.09
-18.561,-182.71
-18.054,-182.3
-17.561,-181.85
-17.082,-181.38
-16.616,-180.87
-16.162,-180.34
-15.722,-179.78
-15.293,-179.19
-14.877,-178.58
-14.472,-177.94
-14.079,-177.28
-13.697,-176.59
-13.326,-175.88
-12.966,-175.14
-12.617,-174.39
-12.279,-173.6
-11.95,-172.8
-11.632,-171.97
-11.324,-171.12
-11.026,-170.25
-10.737,-169.35
-10.457,-168.43
-10.185,-167.5
-9.9203,-166.57
-9.6623,-165.62
-9.411,-164.66
-9.1663,-163.69
-8.9279,-162.72
-8.6956,-161.74
-8.4692,-160.75
-8.2485,-159.76
-8.0335,-158.76
-7.8238,-157.75
-7.6194,-156.74
-7.42,-155.73
-7.2255,-154.71
-7.0357,-153.69
-6.8506,-152.67
-6.6699,-151.65
-6.4935,-150.62
-6.3213,-149.59
-6.1532,-148.56
-5.989,-147.53
-5.8286,-146.5
-5.6719,-145.47
-5.5187,-144.43
-5.369,-143.4
-5.2227,-142.37
-5.0796,-141.34
-4.9397,-140.31
-4.8028,-139.29
-4.6689,-138.26
-4.5379,-137.24
-4.4097,-136.22
-4.2842,-135.2
-4.1613,-134.18
-4.0409,-133.17
-3.923,-132.15
-3.8075,-131.15
-3.6944,-130.14
-3.5834,-129.14
-3.4747,-128.14
-3.3681,-127.15
-3.2636,-126.16
-3.1611,-125.17
-3.0605,-124.19
-2.9618,-123.21
-2.8649,-122.23
-2.7699,-121.26
-2.6765,-120.3
-2.5848,-119.34
-2.4948,-118.38
-2.4063,-117.43
-2.3193,-116.48
-2.2338,-115.53
-2.1498,-114.6
-2.0671,-113.66
-1.9857,-112.73
-1.9057,-111.81
-1.8269,-110.89
-1.7494,-109.98
-1.673,-109.07
-1.5978,-108.17
-1.5237,-107.27
-1.4507,-106.38
-1.3788,-105.49
-1.3079,-104.61
-1.2379,-103.73
-1.1689,-102.86
-1.1009,-102
-1.0337,-101.14
-0.9674,-100.28
-0.90194,-99.432
-0.8373,-98.588
-0.77344,-97.75
-0.71035,-96.918
-0.64799,-96.091
-0.58635,-95.269
-0.5254,-94.453
-0.46511,-93.643
-0.40547,-92.838
-0.34645,-92.039
-0.28803,-91.246
-0.23019,-90.458
-0.17291,-89.675
-0.11617,-88.899
-0.059957,-88.127
-0.0042438,-87.362
0.050984,-86.602
0.10575,-85.847
0.16006,-85.098
0.21394,-84.355
0.2674,-83.617
0.32046,-82.884
0.37314,-82.157
0.42545,-81.436
0.47741,-80.72
0.52903,-80.009
0.58033,-79.304
0.63131,-78.604
0.682,-77.91
0.73241,-77.221
0.78254,-76.537
0.83242,-75.859
0.88206,-75.186
0.93147,-74.518
0.98066,-73.855
1.0296,-73.198
1.0784,-72.546
1.127,-71.899
1.1755,-71.257
1.2238,-70.62
1.2719,-69.988
1.3199,-69.361
1.3677,-68.74
1.4154,-68.123
1.4631,-67.512
1.5106,-66.905
1.558,-66.303
1.6054,-65.706
1.6526,-65.114
1.6999,-64.527
1.747,-63.945
1.7941,-63.367
1.8412,-62.794
1.8883,-62.226
1.9354,-61.663
1.9824,-61.104
2.0295,-60.55
2.0765,-60
2.1236,-59.455
2.1707,-58.914
2.2179,-58.378
2.2651,-57.847
2.3123,-57.319
2.3597,-56.797
2.407,-56.278
2.4545,-55.764
2.5021,-55.255
2.5497,-54.749
2.5975,-54.248
2.6453,-53.751
2.6933,-53.258
2.7414,-52.77
2.7897,-52.285
2.8381,-51.805
2.8866,-51.329
2.9353,-50.857
2.9841,-50.388
3.0332,-49.924
3.0824,-49.464
3.1317,-49.008
3.1813,-48.556
3.2311,-48.107
3.2811,-47.662
3.3313,-47.222
3.3817,-46.785
3.4323,-46.351
3.4831,-45.922
3.5342,-45.496
3.5856,-45.074
3.6372,-44.655
3.689,-44.241
3.7411,-43.829
3.7935,-43.422
3.8462,-43.018
3.8991,-42.617
3.9523,-42.22
4.0059,-41.826
4.0597,-41.436
4.1138,-41.049
4.1682,-40.666
4.223,-40.286
4.2781,-39.909
4.3335,-39.535
4.3892,-39.165
4.4453,-38.798
4.5017,-38.434
4.5585,-38.074
4.6156,-37.717
4.6731,-37.362
4.731,-37.011
4.7893,-36.663
4.8479,-36.318
4.9069,-35.976
4.9663,-35.637
5.0261,-35.302
5.0863,-34.969
5.1469,-34.639
5.2079,-34.312
5.2693,-33.987
5.3311,-33.666
5.3934,-33.348
5.4561,-33.032
5.5193,-32.719
5.5828,-32.409
5.6469,-32.102
5.7114,-31.798
5.7763,-31.496
5.8417,-31.197
5.9076,-30.9
5.9739,-30.606
6.0407,-30.315
6.1081,-30.026
6.1759,-29.74
6.2442,-29.457
6.313,-29.176
6.3824,-28.897
6.4523,-28.621
6.5228,-28.347
6.5938,-28.076
6.6654,-27.807
6.7375,-27.541
6.8103,-27.276
6.8835,-27.014
6.9574,-26.755
7.0319,-26.498
7.1069,-26.242
7.1826,-25.99
7.2589,-25.739
7.3358,-25.491
7.4133,-25.245
7.4914,-25.001
7.5702,-24.759
7.6496,-24.519
7.7297,-24.281
7.8105,-24.046
7.8919,-23.812
7.9739,-23.581
8.0567,-23.351
8.1402,-23.124
8.2243,-22.898
8.3092,-22.675
8.3947,-22.453
8.481,-22.234
8.568,-22.016
8.6558,-21.8
8.7443,-21.586
8.8335,-21.374
8.9235,-21.164
9.0143,-20.956
9.1058,-20.749
9.1981,-20.544
9.2912,-20.341
9.3851,-20.14
9.4799,-19.94
9.5754,-19.743
9.6717,-19.546
9.7689,-19.352
9.8669,-19.159
9.9658,-18.968
10.066,-18.779
10.166,-18.591
10.268,-18.404
10.37,-18.22
10.473,-18.037
10.577,-17.855
10.682,-17.675
10.788,-17.496
10.895,-17.319
11.003,-17.144
11.112,-16.97
11.222,-16.797
11.332,-16.626
11.444,-16.456
11.557,-16.288
11.67,-16.121
11.785,-15.955
11.901,-15.791
12.017,-15.628
12.135,-15.467
12.254,-15.307
12.374,-15.148
12.495,-14.99
12.617,-14.834
12.74,-14.679
12.864,-14.525
12.989,-14.372
13.115,-14.221
13.243,-14.071
13.371,-13.922
13.501,-13.774
13.632,-13.627
13.764,-13.482
13.897,-13.338
14.032,-13.194
14.167,-13.052
14.304,-12.911
14.442,-12.771
14.581,-12.633
14.722,-12.495
14.864,-12.358
15.007,-12.222
15.151,-12.088
15.296,-11.954
15.443,-11.821
15.591,-11.69
15.741,-11.559
15.892,-11.429
16.044,-11.301
16.197,-11.173
16.352,-11.046
16.508,-10.92
16.666,-10.795
16.825,-10.671
16.985,-10.548
17.147,-10.425
17.31,-10.304
17.475,-10.183
17.641,-10.063
17.809,-9.9437
17.978,-9.8254
18.149,-9.7079
18.321,-9.5911
18.495,-9.4751
18.67,-9.3599
18.847,-9.2453
19.025,-9.1315
19.205,-9.0184
19.387,-8.906
19.57,-8.7943
19.755,-8.6832
19.941,-8.5728
20.129,-8.463
20.319,-8.3539
20.51,-8.2453
20.703,-8.1374
20.898,-8.0301
21.095,-7.9233
21.293,-7.8171
21.493,-7.7115
21.694,-7.6064
21.898,-7.5018
22.103,-7.3978
22.31,-7.2942
22.519,-7.1912
22.73,-7.0886
22.942,-6.9864
23.157,-6.8848
23.373,-6.7836
23.591,-6.6828
23.811,-6.5824
24.033,-6.4824
24.257,-6.3828
24.483,-6.2836
24.71,-6.1847
24.94,-6.0862
25.172,-5.988
25.406,-5.8902
25.641,-5.7926
25.879,-5.6954
26.119,-5.5984
26.361,-5.5017
26.605,-5.4053
26.851,-5.3091
27.099,-5.2131
27.349,-5.1174
27.601,-5.0218
27.856,-4.9265
28.113,-4.8313
28.371,-4.7362
28.632,-4.6413
28.896,-4.5466
29.161,-4.4519
29.429,-4.3573
29.699,-4.2629
29.971,-4.1684
30.245,-4.0741
30.522,-3.9797
30.801,-3.8854
31.082,-3.7911
31.366,-3.6967
31.652,-3.6023
31.941,-3.5079
32.231,-3.4134
32.524,-3.3188
32.82,-3.2241
33.118,-3.1293
33.418,-3.0343
33.721,-2.9391
34.027,-2.8438
34.334,-2.7483
34.644,-2.6525
34.957,-2.5565
35.272,-2.4603
35.59,-2.3637
35.91,-2.2668
36.233,-2.1696
36.559,-2.0721
36.887,-1.9741
37.217,-1.8758
37.55,-1.777
37.886,-1.6777
38.224,-1.578
38.565,-1.4778
38.909,-1.377
39.255,-1.2757
39.604,-1.1738
39.955,-1.0713
40.309,-0.96809
40.666,-0.86424
41.026,-0.75968
41.388,-0.65439
41.753,-0.54832
42.12,-0.44145
42.491,-0.33375
42.864,-0.22517
43.24,-0.11569
43.618,-0.0052735
43.999,0.10612
44.384,0.21853
44.77,0.33199
45.16,0.44654
45.552,0.56222
45.947,0.67908
46.345,0.79714
46.746,0.91647
47.15,1.0371
47.556,1.1591
47.965,1.2824
48.377,1.4072
48.791,1.5335
49.209,1.6613
49.629,1.7907
50.052,1.9217
50.478,2.0544
50.907,2.1888
51.338,2.3251
51.772,2.4632
52.209,2.6032
52.649,2.7451
53.092,2.8891
53.537,3.0352
53.984,3.1835
54.434,3.334
54.886,3.4869
55.341,3.6421
55.798,3.7998
56.257,3.9601
56.719,4.123
57.183,4.2887
57.649,4.4571
58.118,4.6285
58.59,4.8028
59.063,4.9801
59.539,5.1606
60.018,5.3444
60.499,5.5314
60.982,5.722
61.467,5.916
61.955,6.1137
62.444,6.3151
62.936,6.5204
63.43,6.7297
63.926,6.943
64.424,7.1606
64.924,7.3825
65.425,7.6088
65.928,7.8398
66.433,8.0755
66.94,8.3161
67.448,8.5617
67.958,8.8125
68.468,9.0686
68.98,9.3303
69.493,9.5976
70.007,9.8708
70.522,10.15
71.037,10.436
71.553,10.728
72.07,11.026
72.586,11.332
73.103,11.644
73.62,11.964
74.136,12.291
74.652,12.627
75.167,12.97
75.682,13.321
76.195,13.681
76.707,14.05
77.218,14.429
77.727,14.816
78.234,15.214
78.739,15.621
79.242,16.039
79.742,16.468
80.239,16.907
80.733,17.358
81.224,17.822
81.71,18.297
82.193,18.785
82.671,19.286
83.145,19.8
83.613,20.329
84.076,20.872
84.534,21.429
84.985,22.003
85.43,22.591
85.869,23.197
86.3,23.819
86.723,24.458
87.138,25.115
87.545,25.791
87.944,26.486
88.333,27.201
88.712,27.936
89.081,28.691
89.439,29.469
89.786,30.269
90.12,31.091
90.44,31.938
90.747,32.809
91.04,33.705
91.318,34.627
91.58,35.577
91.826,36.554
92.055,37.561
92.267,38.597
92.46,39.664
92.634,40.764
92.787,41.896
92.92,43.062
93.03,44.264
93.118,45.502
93.181,46.778
93.219,48.093
93.231,49.448
93.215,50.845
93.171,52.284
93.097,53.768
92.992,55.298
92.854,56.874
92.683,58.5
92.476,60.175
92.233,61.903
91.951,63.684
91.63,65.52
91.268,67.412
90.863,69.363
90.414,71.373
89.919,73.446
89.376,75.582
88.784,77.783
88.141,80.051
87.444,82.387
86.694,84.795
85.887,87.274
85.021,89.827
84.096,92.457
83.108,95.163
82.057,97.95
80.939,100.82
79.754,103.77
78.5,106.8
77.174,109.92
75.774,113.13
74.299,116.43
72.747,119.81
71.116,123.29
69.403,126.87
67.608,130.54
65.728,134.3
63.762,138.16
61.707,142.12
59.562,146.18
57.326,150.33
54.996,154.59
52.572,158.94
50.051,163.4
47.432,167.95
44.714,172.61
41.896,177.36
38.976,182.22
35.954,187.17
32.828,192.22
29.598,197.36
26.264,202.59
22.823,207.92
19.277,213.33
15.625,218.83
11.867,224.41
8.0031,230.07
4.0338,235.81
-0.040476,241.61
-4.2155,247.47
-8.4873,253.39
-12.854,259.35
-17.312,265.34
-21.86,271.36
-26.493,277.4
-31.207,283.45
-35.997,289.49
-40.86,295.52
-45.788,301.52
-50.776,307.49
-55.818,313.4
-60.906,319.24
-66.034,325.01
-71.193,330.67
-76.376,336.22
-81.573,341.65
-86.776,346.93
-91.976,352.05
-97.163,356.98
-102.33,361.72
-107.46,366.25
-112.55,370.55
-117.59,374.59
-122.56,378.37
-127.46,381.87
-132.27,385.06
-136.99,387.93
-141.6,390.47
-146.09,392.66
-150.45,394.48
-154.67,395.92
-158.75,396.98
-162.67,397.62
-166.42,397.86
-169.99,397.67
-173.38,397.05
-176.58,395.99
-179.59,394.48
-182.39,392.53
-184.98,390.13
-187.36,387.28
-189.52,383.97
-191.46,380.22
-193.18,376.03
-194.67,371.39
-195.93,366.33
-196.96,360.86
-197.77,354.97
-198.35,348.7
-198.71,342.04
-198.85,335.02
-198.78,327.65
-198.51,319.95
-198.04,311.92
-197.37,303.6
-196.51,294.99
-195.47,286.12
-194.26,277
-192.87,267.65
-191.33,258.1
-189.63,248.35
-187.79,238.43
-185.81,228.36
-183.7,218.16
-181.47,207.85
-179.13,197.45
-176.68,186.97
-174.13,176.44
-171.5,165.88
-168.78,155.31
-166,144.73
-163.15,134.19
-160.24,123.68
-157.28,113.23
-154.29,102.86
-151.26,92.586
-148.21,82.42
-145.13,72.38
-142.05,62.481
-138.96,52.738
-135.88,43.166
-132.8,33.777
-129.74,24.585
-126.7,15.601
-123.69,6.8374
-120.71,-1.6955
-117.76,-9.9877
-114.86,-18.03
-112,-25.814
-109.19,-33.353
-106.42,-40.672
-103.69,-47.774
-101.01,-54.658
-98.383,-61.326
-95.8,-67.78
-93.265,-74.023
-90.78,-80.055
-88.345,-85.881
-85.959,-91.501
-83.625,-96.92
-81.341,-102.14
-79.108,-107.16
-76.925,-111.99
-74.793,-116.64
-72.711,-121.09
-70.679,-125.37
-68.697,-129.46
-66.764,-133.38
-64.879,-137.13
-63.043,-140.7
-61.254,-144.12
-59.512,-147.37
-57.816,-150.47
-56.166,-153.41
-54.561,-156.2
-53,-158.84
-51.483,-161.34
-50.008,-163.7
-48.575,-165.93
-47.184,-168.02
-45.833,-169.98
-44.522,-171.81
-43.25,-173.52
-42.016,-175.11
-40.82,-176.58
-39.66,-177.94
-38.536,-179.18
-37.446,-180.32
-36.389,-181.37
-35.364,-182.32
-34.369,-183.17
-33.404,-183.94
-32.469,-184.63
-31.561,-185.23
-30.68,-185.76
-29.826,-186.21
-28.996,-186.59
-28.192,-186.9
-27.411,-187.14
-26.653,-187.32
-25.918,-187.45
-25.204,-187.51
-24.511,-187.52
-23.838,-187.47
-23.185,-187.37
-22.55,-187.23
-21.934,-187.04
-21.335,-186.8
-20.753,-186.52
-20.188,-186.2
-19.639,-185.85
-19.106,-185.45
-18.587,-185.02
-18.084,-184.56
-17.594,-184.06
-17.118,-183.54
-16.655,-182.98
-16.206,-182.4
-15.769,-181.79
-15.344,-181.15
-14.931,-180.49
-14.53,-179.8
-14.139,-179.09
-13.76,-178.36
-13.392,-177.61
-13.034,-176.84
-12.686,-176.04
-12.348,-175.23
-12.02,-174.4
-11.701,-173.55
-11.391,-172.68
-11.091,-171.79
-10.799,-170.89
-10.517,-169.97
-10.242,-169.03
-9.975,-168.08
-9.7149,-167.12
-9.4617,-166.15
-9.215,-165.18
-8.9748,-164.19
-8.7408,-163.2
-8.5128,-162.2
-8.2906,-161.2
-8.0741,-160.19
-7.8631,-159.17
-7.6573,-158.16
-7.4567,-157.13
-7.261,-156.1
-7.0702,-155.07
-6.8841,-154.04
-6.7024,-153
-6.5251,-151.96
-6.3521,-150.92
-6.1832,-149.88
-6.0182,-148.84
-5.8572,-147.8
-5.6998,-146.76
-5.5461,-145.71
-5.3959,-144.67
-5.249,-143.63
-5.1055,-142.59
-4.9652,-141.55
-4.8279,-140.51
-4.6937,-139.47
-4.5624,-138.44
-4.4338,-137.41
-4.3081,-136.38
-4.185,-135.35
-4.0644,-134.32
-3.9464,-133.3
-3.8307,-132.28
-3.7175,-131.27
-3.6065,-130.26
-3.4977,-129.25
-3.3911,-128.24
-3.2865,-127.24
-3.184,-126.24
-3.0834,-125.25
-2.9848,-124.26
-2.888,-123.28
-2.793,-122.3
-2.6997,-121.32
-2.6081,-120.35
-2.5182,-119.38
-2.4299,-118.42
-2.343,-117.46
-2.2577,-116.51
-2.1738,-115.56
-2.0913,-114.62
-2.0102,-113.68
-1.9303,-112.74
-1.8518,-111.82
-1.7745,-110.89
-1.6984,-109.98
-1.6234,-109.07
-1.5496,-108.16
-1.4769,-107.26
-1.4052,-106.36
-1.3346,-105.47
-1.265,-104.59
-1.1963,-103.71
-1.1286,-102.83
-1.0617,-101.96
-0.99579,-101.1
-0.93069,-100.24
-0.86641,-99.392
-0.80292,-98.545
-0.74021,-97.705
-0.67824,-96.87
-0.61699,-96.04
-0.55643,-95.217
-0.49655,-94.399
-0.43732,-93.586
-0.37872,-92.78
-0.32073,-91.978
-0.26333,-91.183
-0.20649,-90.393
-0.1502,-89.609
-0.094431,-88.83
-0.039176,-88.058
0.015589,-87.29
0.069881,-86.529
0.12372,-85.773
0.17712,-85.022
0.23009,-84.277
0.28267,-83.538
0.33485,-82.804
0.38666,-82.076
0.43811,-81.354
0.48921,-80.637
0.53999,-79.925
0.59045,-79.219
0.64061,-78.518
0.69048,-77.823
0.74008,-77.133
0.78942,-76.448
0.83851,-75.769
0.88736,-75.095
0.93599,-74.427
0.98441,-73.763
1.0326,-73.105
1.0807,-72.452
1.1285,-71.805
1.1762,-71.162
1.2238,-70.525
1.2711,-69.893
1.3184,-69.266
1.3655,-68.644
1.4125,-68.027
1.4594,-67.415
1.5062,-66.808
1.553,-66.205
1.5996,-65.608
1.6462,-65.016
1.6927,-64.429
1.7392,-63.846
1.7857,-63.268
1.8321,-62.695
1.8785,-62.127
1.9249,-61.563
1.9713,-61.004
2.0177,-60.449
2.0641,-59.9
2.1105,-59.355
2.157,-58.814
2.2035,-58.278
2.2501,-57.746
2.2967,-57.219
2.3434,-56.696
2.3901,-56.178
2.437,-55.664
2.4839,-55.154
2.5309,-54.649
2.578,-54.148
2.6253,-53.651
2.6727,-53.158
2.7201,-52.67
2.7678,-52.186
2.8155,-51.705
2.8635,-51.229
2.9115,-50.757
2.9598,-50.289
3.0082,-49.826
3.0568,-49.366
3.1056,-48.91
3.1545,-48.457
3.2037,-48.009
3.253,-47.565
3.3026,-47.124
3.3524,-46.688
3.4024,-46.255
3.4527,-45.826
3.5032,-45.4
3.5539,-44.978
3.6049,-44.56
3.6561,-44.146
3.7076,-43.735
3.7594,-43.328
3.8114,-42.924
3.8637,-42.524
3.9163,-42.127
3.9692,-41.734
4.0224,-41.344
4.0759,-40.958
4.1297,-40.575
4.1838,-40.195
4.2383,-39.819
4.293,-39.446
4.3481,-39.076
4.4036,-38.71
4.4593,-38.347
4.5155,-37.987
4.5719,-37.63
4.6288,-37.276
4.686,-36.925
4.7436,-36.578
4.8015,-36.234
4.8598,-35.892
4.9186,-35.554
4.9777,-35.219
5.0372,-34.886
5.0971,-34.557
5.1574,-34.23
5.2181,-33.907
5.2793,-33.586
5.3408,-33.268
5.4028,-32.953
5.4652,-32.641
5.5281,-32.332
5.5914,-32.025
5.6552,-31.721
5.7194,-31.42
5.784,-31.121
5.8491,-30.825
5.9147,-30.532
5.9808,-30.241
6.0474,-29.953
6.1145,-29.668
6.1821,-29.385
6.2502,-29.104
6.3189,-28.826
6.3881,-28.55
6.4578,-28.277
6.5281,-28.006
6.599,-27.738
6.6704,-27.472
6.7423,-27.208
6.8149,-26.947
6.888,-26.688
6.9617,-26.431
7.036,-26.177
7.1109,-25.924
7.1864,-25.674
7.2625,-25.427
7.3392,-25.181
7.4166,-24.937
7.4946,-24.696
7.5732,-24.457
7.6525,-24.22
7.7324,-23.985
7.813,-23.752
7.8943,-23.521
7.9762,-23.292
8.0588,-23.065
8.1422,-22.84
8.2262,-22.617
8.3109,-22.396
8.3964,-22.177
8.4825,-21.96
8.5694,-21.745
8.657,-21.532
8.7454,-21.32
8.8346,-21.111
8.9244,-20.903
9.0151,-20.697
9.1065,-20.493
9.1988,-20.29
9.2918,-20.09
9.3856,-19.891
9.4802,-19.693
9.5757,-19.498
9.6719,-19.304
9.769,-19.112
9.867,-18.921
9.9658,-18.732
10.065,-18.545
10.166,-18.359
10.267,-18.175
10.37,-17.993
10.473,-17.812
10.577,-17.632
10.682,-17.454
10.788,-17.278
10.895,-17.103
11.003,-16.929
11.111,-16.757
11.221,-16.587
11.332,-16.418
11.443,-16.25
11.556,-16.083
11.67,-15.918
11.784,-15.755
11.9,-15.593
12.017,-15.432
12.134,-15.272
12.253,-15.114
12.373,-14.957
12.494,-14.801
12.616,-14.647
12.739,-14.493
12.863,-14.341
12.988,-14.191
13.115,-14.041
13.242,-13.893
13.371,-13.746
13.5,-13.6
13.631,-13.455
13.763,-13.311
13.897,-13.169
14.031,-13.027
14.167,-12.887
14.304,-12.748
14.442,-12.609
14.581,-12.472
14.722,-12.336
14.863,-12.201
15.006,-12.067
15.151,-11.934
15.296,-11.802
15.443,-11.671
15.591,-11.541
15.741,-11.412
15.892,-11.284
16.044,-11.157
16.198,-11.031
16.353,-10.906
16.509,-10.781
16.667,-10.658
16.826,-10.535
16.987,-10.413
17.149,-10.293
17.312,-10.172
17.477,-10.053
17.643,-9.9348
17.811,-9.8172
17.981,-9.7003
18.152,-9.5842
18.324,-9.4689
18.498,-9.3544
18.673,-9.2405
18.85,-9.1274
19.029,-9.0151
19.209,-8.9034
19.391,-8.7924
19.574,-8.682
19.759,-8.5724
19.946,-8.4633
20.134,-8.355
20.324,-8.2472
20.516,-8.1401
20.709,-8.0335
20.904,-7.9275
21.101,-7.8222
21.3,-7.7173
21.5,-7.6131
21.702,-7.5093
21.906,-7.4061
22.111,-7.3035
22.318,-7.2013
22.528,-7.0996
22.739,-6.9984
22.951,-6.8976
23.166,-6.7973
23.383,-6.6974
23.601,-6.598
23.821,-6.499
24.044,-6.4003
24.268,-6.3021
24.494,-6.2043
24.722,-6.1068
24.952,-6.0096
25.184,-5.9128
25.418,-5.8163
25.654,-5.7202
25.893,-5.6243
26.133,-5.5287
26.375,-5.4334
26.619,-5.3383
26.866,-5.2435
27.114,-5.1489
27.365,-5.0545
27.618,-4.9604
27.872,-4.8664
28.13,-4.7726
28.389,-4.6789
28.65,-4.5854
28.914,-4.492
29.18,-4.3987
29.448,-4.3056
29.718,-4.2125
29.991,-4.1194
30.266,-4.0264
30.543,-3.9335
30.823,-3.8406
31.105,-3.7476
31.389,-3.6547
31.676,-3.5617
31.965,-3.4687
32.256,-3.3756
32.55,-3.2824
32.846,-3.1891
33.144,-3.0957
33.446,-3.0021
33.749,-2.9084
34.055,-2.8145
34.363,-2.7204
34.674,-2.6261
34.988,-2.5315
35.304,-2.4366
35.622,-2.3415
35.944,-2.2461
36.267,-2.1503
36.593,-2.0542
36.922,-1.9577
37.254,-1.8608
37.588,-1.7634
37.924,-1.6656
38.264,-1.5674
38.606,-1.4686
38.95,-1.3693
39.297,-1.2695
39.647,-1.1691
40,-1.068
40.355,-0.96635
40.714,-0.86401
41.074,-0.76096
41.438,-0.65719
41.804,-0.55266
42.173,-0.44733
42.545,-0.34118
42.92,-0.23416
43.297,-0.12626
43.677,-0.017431
44.06,0.092363
44.446,0.20316
44.834,0.31499
45.226,0.42789
45.62,0.54191
46.017,0.65708
46.417,0.77344
46.82,0.89104
47.225,1.0099
47.634,1.1301
48.045,1.2517
48.459,1.3746
48.876,1.4991
49.296,1.625
49.719,1.7525
50.144,1.8816
50.573,2.0123
51.004,2.1448
51.437,2.279
51.873,2.415
52.312,2.553
52.753,2.6929
53.197,2.8348
53.643,2.9788
54.092,3.125
54.544,3.2734
54.999,3.424
55.456,3.5771
55.915,3.7326
56.378,3.8906
56.843,4.0512
57.31,4.2144
57.78,4.3804
58.253,4.5492
58.728,4.7209
59.206,4.8956
59.686,5.0734
60.169,5.2544
60.654,5.4387
61.142,5.6263
61.632,5.8173
62.124,6.012
62.619,6.2103
63.115,6.4124
63.614,6.6184
64.115,6.8285
64.618,7.0427
65.123,7.2611
65.629,7.484
66.138,7.7114
66.648,7.9435
67.159,8.1804
67.673,8.4223
68.187,8.6694
68.703,8.9217
69.22,9.1795
69.738,9.443
70.257,9.7123
70.777,9.9875
71.297,10.269
71.818,10.557
72.34,10.851
72.862,11.153
73.383,11.461
73.905,11.777
74.427,12.1
74.948,12.431
75.468,12.77
75.988,13.117
76.507,13.472
77.025,13.837
77.541,14.211
78.056,14.594
78.568,14.986
79.079,15.389
79.588,15.802
80.094,16.226
80.597,16.661
81.098,17.107
81.595,17.565
82.088,18.035
82.578,18.518
83.064,19.014
83.545,19.522
84.022,20.045
84.493,20.582
84.959,21.134
85.42,21.701
85.874,22.283
86.323,22.881
86.764,23.496
87.198,24.129
87.625,24.778
88.042,25.447
88.449,26.135
88.846,26.844
89.232,27.572
89.607,28.323
89.97,29.094
90.322,29.889
90.662,30.707
90.989,31.548
91.302,32.415
91.602,33.306
91.888,34.224
92.158,35.169
92.413,36.143
92.652,37.144
92.874,38.176
93.077,39.239
93.262,40.333
93.428,41.46
93.572,42.621
93.696,43.817
93.797,45.05
93.874,46.319
93.927,47.628
93.955,48.976
93.955,50.365
93.928,51.797
93.871,53.272
93.784,54.793
93.664,56.361
93.512,57.977
93.325,59.643
93.102,61.36
92.841,63.13
92.542,64.955
92.201,66.835
91.818,68.774
91.392,70.773
90.92,72.832
90.4,74.955
89.832,77.143
89.212,79.398
88.541,81.721
87.814,84.115
87.032,86.581
86.191,89.122
85.29,91.738
84.327,94.432
83.3,97.206
82.206,100.06
81.045,103
79.814,106.02
78.511,109.14
77.135,112.34
75.682,115.63
74.151,119.01
72.54,122.48
70.847,126.05
69.07,129.72
67.208,133.49
65.257,137.35
63.217,141.31
61.085,145.38
58.86,149.55
56.54,153.82
54.123,158.19
51.608,162.67
48.992,167.25
46.275,171.94
43.455,176.73
40.531,181.62
37.501,186.62
34.365,191.71
31.122,196.91
27.77,202.21
24.309,207.6
20.74,213.09
17.065,218.66
13.283,224.32
9.3935,230.05
5.3984,235.86
1.2983,241.75
-2.905,247.69
-7.2096,253.69
-11.613,259.74
-16.112,265.83
-20.704,271.95
-25.384,278.1
-30.148,284.26
-34.992,290.42
-39.911,296.57
-44.898,302.69
-49.948,308.78
-55.054,314.83
-60.21,320.81
-65.407,326.71
-70.64,332.52
-75.898,338.21
-81.175,343.79
-86.461,349.22
-91.747,354.49
-97.025,359.59
-102.28,364.49
-107.51,369.18
-112.7,373.63
-117.84,377.84
-122.91,381.78
-127.91,385.43
-132.82,388.78
-137.64,391.8
-142.34,394.49
-146.94,396.82
-151.4,398.79
-155.72,400.37
-159.89,401.55
-163.91,402.33
-167.75,402.68
-171.42,402.61
-174.91,402.09
-178.2,401.12
-181.29,399.71
-184.18,397.83
-186.85,395.5
-189.3,392.7
-191.53,389.44
-193.54,385.73
-195.31,381.55
-196.85,376.93
-198.16,371.87
-199.23,366.38
-200.08,360.47
-200.7,354.16
-201.09,347.45
-201.26,340.36
-201.22,332.91
-200.96,325.11
-200.5,316.98
-199.83,308.55
-198.98,299.81
-197.93,290.8
-196.7,281.54
-195.31,272.04
-193.74,262.32
-192.02,252.41
-190.14,242.33
-188.13,232.09
-185.98,221.72
-183.71,211.24
-181.32,200.67
-178.82,190.03
-176.23,179.34
-173.55,168.63
-170.78,157.91
-167.95,147.2
-165.04,136.52
-162.09,125.9
-159.09,115.35
-156.05,104.88
-152.97,94.525
-149.88,84.292
-146.77,74.199
-143.65,64.263
-140.54,54.497
-137.42,44.917
-134.32,35.536
-131.24,26.367
-128.19,17.421
-125.17,8.705
-122.17,0.20108
-119.21,-8.0921
-116.28,-16.173
-113.39,-24.039
-110.54,-31.691
-107.73,-39.128
-104.96,-46.349
-102.24,-53.356
-99.568,-60.148
-96.942,-66.726
-94.364,-73.092
-91.836,-79.248
-89.358,-85.195
-86.93,-90.935
-84.554,-96.471
-82.23,-101.8
-79.957,-106.94
-77.736,-111.87
-75.566,-116.62
-73.448,-121.17
-71.382,-125.53
-69.366,-129.71
-67.401,-133.71
-65.487,-137.53
-63.622,-141.18
-61.807,-144.65
-60.04,-147.96
-58.321,-151.11
-56.649,-154.09
-55.025,-156.92
-53.446,-159.6
-51.912,-162.12
-50.422,-164.5
-48.976,-166.74
-47.573,-168.84
-46.211,-170.81
-44.89,-172.65
-43.609,-174.36
-42.367,-175.95
-41.162,-177.42
-39.993,-178.79
-38.86,-180.04
-37.76,-181.2
-36.693,-182.25
-35.659,-183.21
-34.655,-184.08
-33.681,-184.86
-32.736,-185.56
-31.819,-186.17
-30.928,-186.71
-30.064,-187.18
-29.226,-187.57
-28.411,-187.89
-27.621,-188.16
-26.853,-188.35
-26.107,-188.49
-25.383,-188.57
-24.679,-188.6
-23.996,-188.58
-23.332,-188.5
-22.686,-188.38
-22.059,-188.21
-21.45,-188
-20.857,-187.75
-20.282,-187.46
-19.722,-187.13
-19.178,-186.76
-18.65,-186.35
-18.136,-185.92
-17.636,-185.45
-17.151,-184.95
-16.679,-184.42
-16.221,-183.85
-15.775,-183.26
-15.343,-182.65
-14.923,-182
-14.515,-181.33
-14.118,-180.64
-13.734,-179.91
-13.361,-179.17
-12.999,-178.4
-12.649,-177.6
-12.309,-176.78
-11.979,-175.94
-11.661,-175.07
-11.352,-174.18
-11.054,-173.27
-10.764,-172.34
-10.482,-171.4
-10.208,-170.44
-9.9406,-169.48
-9.6806,-168.51
-9.4275,-167.52
-9.1811,-166.53
-8.9412,-165.53
-8.7075,-164.53
-8.4799,-163.52
-8.2581,-162.5
-8.042,-161.47
-7.8314,-160.44
-7.6261,-159.41
-7.426,-158.37
-7.2308,-157.33
-7.0405,-156.28
-6.8549,-155.24
-6.6738,-154.19
-6.4971,-153.13
-6.3247,-152.08
-6.1563,-151.03
-5.992,-149.97
-5.8315,-148.92
-5.6747,-147.86
-5.5216,-146.8
-5.372,-145.75
-5.2258,-144.69
-5.0829,-143.64
-4.9432,-142.59
-4.8066,-141.54
-4.673,-140.49
-4.5423,-139.44
-4.4145,-138.4
-4.2894,-137.36
-4.1669,-136.32
-4.047,-135.28
-3.9296,-134.25
-3.8147,-133.22
-3.7021,-132.2
-3.5918,-131.17
-3.4837,-130.15
-3.3778,-129.14
-3.2739,-128.13
-3.1721,-127.12
-3.0723,-126.12
-2.9744,-125.12
-2.8783,-124.12
-2.784,-123.13
-2.6915,-122.15
-2.6007,-121.16
-2.5115,-120.19
-2.4238,-119.21
-2.3377,-118.25
-2.2531,-117.28
-2.17,-116.33
-2.0882,-115.38
-2.0078,-114.43
-1.9287,-113.49
-1.8509,-112.55
-1.7743,-111.62
-1.6989,-110.69
-1.6247,-109.77
-1.5516,-108.86
-1.4797,-107.95
-1.4087,-107.04
-1.3388,-106.14
-1.2699,-105.25
-1.202,-104.36
-1.1349,-103.48
-1.0688,-102.61
-1.0036,-101.73
-0.93923,-100.87
-0.87567,-100.01
-0.8129,-99.157
-0.7509,-98.309
-0.68965,-97.467
-0.62912,-96.63
-0.56928,-95.799
-0.51011,-94.974
-0.4516,-94.155
-0.39371,-93.342
-0.33643,-92.534
-0.27974,-91.732
-0.22362,-90.935
-0.16804,-90.145
-0.11299,-89.36
-0.058448,-88.581
-0.0043965,-87.807
0.049182,-87.04
0.1023,-86.277
0.15499,-85.521
0.20725,-84.77
0.25911,-84.025
0.31057,-83.286
0.36167,-82.552
0.4124,-81.824
0.46279,-81.101
0.51285,-80.384
0.56259,-79.672
0.61203,-78.966
0.66118,-78.266
0.71006,-77.571
0.75867,-76.881
0.80704,-76.197
0.85517,-75.518
0.90308,-74.844
0.95077,-74.176
0.99827,-73.513
1.0456,-72.855
1.0927,-72.203
1.1396,-71.556
1.1864,-70.914
1.2331,-70.277
1.2796,-69.645
1.326,-69.019
1.3723,-68.398
1.4184,-67.781
1.4645,-67.17
1.5105,-66.563
1.5564,-65.962
1.6022,-65.365
1.648,-64.774
1.6937,-64.187
1.7394,-63.605
1.7851,-63.028
1.8307,-62.456
1.8764,-61.888
1.922,-61.325
1.9676,-60.767
2.0133,-60.214
2.0589,-59.665
2.1046,-59.12
2.1504,-58.581
2.1962,-58.045
2.242,-57.515
2.2879,-56.989
2.3339,-56.467
2.3799,-55.949
2.4261,-55.436
2.4723,-54.928
2.5187,-54.423
2.5651,-53.923
2.6117,-53.428
2.6584,-52.936
2.7052,-52.449
2.7521,-51.965
2.7992,-51.486
2.8465,-51.011
2.8939,-50.541
2.9415,-50.074
2.9892,-49.611
3.0372,-49.152
3.0853,-48.697
3.1336,-48.246
3.1821,-47.799
3.2308,-47.356
3.2797,-46.917
3.3289,-46.482
3.3782,-46.05
3.4278,-45.622
3.4777,-45.198
3.5277,-44.777
3.5781,-44.36
3.6286,-43.947
3.6795,-43.538
3.7306,-43.132
3.782,-42.729
3.8336,-42.33
3.8856,-41.935
3.9378,-41.543
3.9903,-41.155
4.0431,-40.77
4.0963,-40.388
4.1497,-40.01
4.2035,-39.635
4.2576,-39.263
4.312,-38.895
4.3667,-38.529
4.4218,-38.168
4.4772,-37.809
4.533,-37.453
4.5891,-37.101
4.6456,-36.752
4.7025,-36.406
4.7597,-36.063
4.8173,-35.723
4.8753,-35.386
4.9336,-35.052
4.9924,-34.721
5.0515,-34.393
5.1111,-34.067
5.1711,-33.745
5.2314,-33.426
5.2922,-33.109
5.3534,-32.796
5.415,-32.485
5.4771,-32.177
5.5396,-31.871
5.6026,-31.569
5.666,-31.269
5.7299,-30.971
5.7943,-30.676
5.8592,-30.384
5.9246,-30.095
5.9905,-29.808
6.0568,-29.523
6.1237,-29.241
6.1911,-28.962
6.2591,-28.685
6.3275,-28.41
6.3965,-28.138
6.4661,-27.869
6.5361,-27.601
6.6068,-27.337
6.678,-27.074
6.7498,-26.814
6.8221,-26.556
6.895,-26.3
6.9686,-26.047
7.0427,-25.796
7.1174,-25.547
7.1927,-25.3
7.2687,-25.056
7.3452,-24.813
7.4224,-24.573
7.5003,-24.335
7.5787,-24.099
7.6579,-23.865
7.7377,-23.633
7.8181,-23.403
7.8992,-23.176
7.981,-22.95
8.0635,-22.726
8.1467,-22.504
8.2306,-22.284
8.3152,-22.066
8.4006,-21.85
8.4866,-21.636
8.5734,-21.424
8.6609,-21.213
8.7492,-21.005
8.8382,-20.798
8.928,-20.593
9.0186,-20.39
9.11,-20.189
9.2021,-19.989
9.295,-19.791
9.3888,-19.595
9.4834,-19.4
9.5787,-19.207
9.6749,-19.016
9.772,-18.827
9.8699,-18.639
9.9687,-18.452
10.068,-18.268
10.169,-18.085
10.27,-17.903
10.372,-17.723
10.476,-17.545
10.58,-17.368
10.685,-17.192
10.791,-17.018
10.897,-16.846
11.005,-16.675
11.114,-16.505
11.224,-16.337
11.334,-16.17
11.446,-16.005
11.559,-15.841
11.672,-15.678
11.787,-15.517
11.903,-15.357
12.019,-15.198
12.137,-15.041
12.256,-14.885
12.376,-14.73
12.497,-14.577
12.619,-14.424
12.742,-14.273
12.866,-14.124
12.991,-13.975
13.118,-13.828
13.245,-13.682
13.374,-13.537
13.504,-13.393
13.635,-13.25
13.767,-13.108
13.9,-12.968
14.035,-12.829
14.17,-12.69
14.307,-12.553
14.445,-12.417
14.585,-12.282
14.726,-12.148
14.867,-12.015
15.011,-11.883
15.155,-11.752
15.301,-11.622
15.448,-11.493
15.597,-11.365
15.746,-11.238
15.897,-11.112
16.05,-10.986
16.204,-10.862
16.359,-10.739
16.516,-10.616
16.674,-10.494
16.833,-10.374
16.994,-10.254
17.156,-10.135
17.32,-10.016
17.485,-9.8988
17.652,-9.7821
17.82,-9.6663
17.989,-9.5512
18.161,-9.4368
18.333,-9.3232
18.507,-9.2104
18.683,-9.0983
18.86,-8.9869
19.039,-8.8762
19.22,-8.7662
19.402,-8.6568
19.585,-8.5482
19.771,-8.4402
19.958,-8.3328
20.146,-8.2261
20.336,-8.12
20.528,-8.0145
20.722,-7.9097
20.917,-7.8053
21.114,-7.7016
21.313,-7.5984
21.514,-7.4958
21.716,-7.3937
21.92,-7.2922
22.126,-7.1911
22.334,-7.0906
22.543,-6.9905
22.754,-6.8909
22.968,-6.7918
23.183,-6.6931
23.399,-6.5949
23.618,-6.4971
23.839,-6.3997
24.062,-6.3027
24.286,-6.2061
24.513,-6.1098
24.741,-6.0139
24.972,-5.9184
25.204,-5.8232
25.438,-5.7284
25.675,-5.6338
25.914,-5.5396
26.154,-5.4456
26.397,-5.3519
26.642,-5.2584
26.888,-5.1652
27.137,-5.0723
27.388,-4.9795
27.642,-4.8869
27.897,-4.7946
28.155,-4.7023
28.415,-4.6103
28.677,-4.5184
28.941,-4.4266
29.207,-4.3349
29.476,-4.2434
29.747,-4.1519
30.02,-4.0605
30.296,-3.9691
30.574,-3.8777
30.854,-3.7864
31.137,-3.6951
31.422,-3.6037
31.709,-3.5123
31.999,-3.4209
32.291,-3.3294
32.586,-3.2378
32.883,-3.1461
33.182,-3.0543
33.484,-2.9623
33.788,-2.8702
34.095,-2.7779
34.405,-2.6854
34.717,-2.5926
35.031,-2.4997
35.348,-2.4064
35.668,-2.3129
35.99,-2.2191
36.315,-2.1249
36.642,-2.0304
36.972,-1.9355
37.305,-1.8402
37.64,-1.7445
37.978,-1.6483
38.319,-1.5517
38.662,-1.4545
39.009,-1.3569
39.357,-1.2587
39.709,-1.1599
40.063,-1.0605
40.42,-0.96053
40.78,-0.85986
41.143,-0.7585
41.508,-0.65643
41.876,-0.5536
42.247,-0.45
42.621,-0.34558
42.998,-0.24032
43.377,-0.13419
43.76,-0.027142
44.145,0.080847
44.533,0.18982
44.924,0.2998
45.318,0.41083
45.715,0.52295
46.114,0.63616
46.516,0.75054
46.921,0.86611
47.328,0.98292
47.739,1.101
48.152,1.2205
48.568,1.3413
48.986,1.4636
49.408,1.5874
49.832,1.7127
50.259,1.8396
50.689,1.9682
51.122,2.0985
51.558,2.2305
51.997,2.3643
52.438,2.5
52.883,2.6376
53.33,2.7772
53.78,2.9188
54.233,3.0625
54.689,3.2085
55.147,3.3566
55.609,3.5071
56.073,3.6599
56.54,3.8152
57.009,3.9729
57.482,4.1333
57.957,4.2964
58.435,4.4622
58.915,4.6309
59.398,4.8025
59.883,4.9771
60.371,5.1548
60.862,5.3357
61.355,5.52
61.85,5.7076
62.347,5.8988
62.847,6.0935
63.349,6.292
63.853,6.4944
64.359,6.7008
64.867,6.9112
65.377,7.1259
65.889,7.3449
66.402,7.5684
66.918,7.7966
67.434,8.0296
67.953,8.2675
68.472,8.5105
68.993,8.7588
69.515,9.0126
70.038,9.2719
70.562,9.537
71.087,9.8081
71.613,10.085
72.139,10.369
72.665,10.659
73.192,10.956
73.719,11.26
74.247,11.572
74.773,11.89
75.3,12.217
75.826,12.551
76.352,12.894
76.877,13.245
77.4,13.604
77.923,13.973
78.444,14.351
78.964,14.739
79.482,15.137
79.998,15.545
80.512,15.963
81.024,16.392
81.533,16.833
82.039,17.285
82.542,17.748
83.041,18.225
83.537,18.714
84.026,19.217
84.509,19.735
84.986,20.267
85.456,20.815
85.92,21.378
86.377,21.957
86.827,22.552
87.269,23.165
87.705,23.794
88.133,24.442
88.553,25.108
88.965,25.793
89.368,26.497
89.762,27.222
90.146,27.967
90.521,28.733
90.886,29.521
91.239,30.332
91.581,31.166
91.911,32.025
92.228,32.908
92.532,33.817
92.822,34.753
93.097,35.716
93.356,36.708
93.599,37.729
93.825,38.78
94.032,39.863
94.221,40.978
94.389,42.126
94.536,43.309
94.661,44.528
94.763,45.785
94.84,47.079
94.892,48.413
94.918,49.788
94.915,51.206
94.883,52.667
94.82,54.173
94.726,55.727
94.598,57.328
94.435,58.979
94.236,60.682
93.999,62.438
93.723,64.248
93.405,66.115
93.045,68.04
92.641,70.025
92.191,72.072
91.693,74.183
91.146,76.359
90.547,78.602
89.895,80.915
89.188,83.298
88.425,85.755
87.602,88.287
86.719,90.896
85.773,93.584
84.763,96.352
83.686,99.204
82.541,102.14
81.325,105.16
80.036,108.27
78.673,111.47
77.233,114.77
75.714,118.16
74.115,121.64
72.433,125.22
70.666,128.9
68.813,132.68
66.871,136.56
64.839,140.54
62.714,144.63
60.496,148.82
58.181,153.12
55.768,157.52
53.256,162.04
50.644,166.66
47.93,171.39
45.112,176.22
42.189,181.16
39.159,186.2
36.019,191.35
32.769,196.61
29.407,201.96
25.933,207.42
22.347,212.97
18.649,218.62
14.839,224.36
10.917,230.18
6.8859,236.08
2.7462,242.06
-1.5002,248.1
-5.8508,254.21
-10.303,260.37
-14.854,266.58
-19.5,272.82
-24.237,279.09
-29.062,285.38
-33.968,291.67
-38.952,297.96
-44.008,304.23
-49.13,310.47
-54.311,316.66
-59.546,322.8
-64.827,328.86
-70.146,334.83
-75.496,340.7
-80.869,346.44
-86.258,352.05
-91.651,357.51
-97.037,362.78
-102.41,367.87
-107.75,372.74
-113.05,377.38
-118.3,381.77
-123.49,385.88
-128.6,389.71
-133.63,393.23
-138.56,396.43
-143.38,399.28
-148.09,401.78
-152.66,403.9
-157.1,405.63
-161.38,406.96
-165.5,407.87
-169.46,408.35
-173.23,408.39
-176.81,407.98
-180.2,407.11
-183.39,405.78
-186.36,403.99
-189.12,401.71
-191.65,398.97
-193.96,395.75
-196.04,392.06
-197.89,387.9
-199.49,383.29
-200.86,378.21
-201.99,372.69
-202.88,366.74
-203.54,360.37
-203.96,353.59
-204.15,346.41
-204.12,338.87
-203.87,330.96
-203.4,322.72
-202.73,314.15
-201.86,305.29
-200.8,296.14
-199.55,286.73
-198.12,277.08
-196.52,267.22
-194.76,257.15
-192.85,246.92
-190.79,236.52
-188.6,226
-186.28,215.37
-183.85,204.65
-181.3,193.86
-178.66,183.02
-175.93,172.16
-173.11,161.3
-170.23,150.45
-167.27,139.64
-164.27,128.88
-161.21,118.19
-158.12,107.59
-155,97.1
-151.85,86.733
-148.69,76.505
-145.52,66.43
-142.35,56.524
-139.18,46.798
-136.03,37.265
-132.89,27.936
-129.78,18.821
-126.69,9.9309
-123.63,1.265
-120.61,-7.1842
-117.63,-15.415
-114.68,-23.427
-111.78,-31.218
-108.92,-38.788
-106.1,-46.138
-103.33,-53.267
-100.61,-60.177
-97.935,-66.868
-95.312,-73.342
-92.74,-79.6
-90.219,-85.644
-87.751,-91.478
-85.335,-97.101
-82.972,-102.52
-80.662,-107.73
-78.406,-112.74
-76.202,-117.56
-74.051,-122.18
-71.953,-126.61
-69.907,-130.85
-67.913,-134.9
-65.97,-138.78
-64.078,-142.47
-62.237,-145.99
-60.445,-149.35
-58.703,-152.53
-57.009,-155.56
-55.362,-158.42
-53.762,-161.13
-52.209,-163.68
-50.7,-166.09
-49.236,-168.36
-47.816,-170.48
-46.438,-172.47
-45.102,-174.33
-43.806,-176.05
-42.55,-177.66
-41.332,-179.15
-40.15,-180.52
-39.005,-181.79
-37.894,-182.95
-36.816,-184.01
-35.771,-184.98
-34.758,-185.85
-33.774,-186.64
-32.821,-187.33
-31.895,-187.95
-30.997,-188.49
-30.126,-188.95
-29.28,-189.34
-28.459,-189.67
-27.662,-189.92
-26.889,-190.11
-26.138,-190.25
-25.408,-190.32
-24.7,-190.34
-24.012,-190.31
-23.344,-190.23
-22.695,-190.1
-22.064,-189.92
-21.452,-189.7
-20.856,-189.43
-20.278,-189.13
-19.716,-188.78
-19.17,-188.4
-18.639,-187.99
-18.123,-187.54
-17.622,-187.05
-17.136,-186.53
-16.663,-185.99
-16.203,-185.41
-15.757,-184.8
-15.324,-184.17
-14.903,-183.51
-14.495,-182.82
-14.099,-182.11
-13.715,-181.36
-13.342,-180.6
-12.98,-179.81
-12.63,-178.99
-12.291,-178.15
-11.963,-177.29
-11.645,-176.4
-11.337,-175.49
-11.039,-174.56
-10.749,-173.62
-10.466,-172.66
-10.192,-171.7
-9.9242,-170.72
-9.6641,-169.74
